,book_id,movieId
0,0,1
1,2,3
2,5,6
3,43,47
4,46,50
5,62,70
6,89,101
7,97,110
8,124,151
9,130,157
10,136,163
11,184,216
12,190,223
13,197,231
14,201,235
15,224,260
16,257,296
17,275,316
18,291,333
19,307,349
20,314,356
21,320,362
22,325,367
23,367,423
24,384,441
25,398,457
26,418,480
27,436,500
28,461,527
29,476,543
30,484,552
31,485,553
32,508,590
33,509,592
34,510,593
35,513,596
36,520,608
37,546,648
38,551,661
39,559,673
40,592,733
41,594,736
42,615,780
43,632,804
44,701,919
45,705,923
46,720,940
47,723,943
48,734,954
49,767,1009
50,781,1023
51,782,1024
52,783,1025
53,786,1029
54,787,1030
55,788,1031
56,789,1032
57,797,1042
58,801,1049
59,810,1060
60,815,1073
61,819,1080
62,827,1089
63,828,1090
64,830,1092
65,835,1097
66,855,1127
67,862,1136
68,897,1196
69,898,1197
70,899,1198
71,906,1206
72,908,1208
73,910,1210
74,913,1213
75,914,1214
76,919,1219
77,920,1220
78,922,1222
79,924,1224
80,926,1226
81,938,1240
82,954,1256
83,956,1258
84,963,1265
85,968,1270
86,973,1275
87,976,1278
88,980,1282
89,989,1291
90,995,1298
91,1035,1348
92,1059,1377
93,1075,1396
94,1083,1408
95,1109,1445
96,1125,1473
97,1145,1500
98,1153,1517
99,1170,1552
100,1180,1573
101,1182,1580
102,1189,1587
103,1217,1617
104,1219,1620
105,1223,1625
106,1234,1644
107,1260,1676
108,1297,1732
109,1318,1777
110,1325,1793
111,1331,1804
112,1332,1805
113,1400,1920
114,1406,1927
115,1430,1954
116,1443,1967
117,1474,2000
118,1479,2005
119,1486,2012
120,1492,2018
121,1502,2028
122,1504,2033
123,1515,2046
124,1516,2048
125,1521,2054
126,1525,2058
127,1542,2078
128,1552,2090
129,1555,2093
130,1556,2094
131,1558,2096
132,1561,2099
133,1566,2105
134,1575,2115
135,1576,2116
136,1594,2137
137,1596,2139
138,1598,2141
139,1600,2143
140,1616,2161
141,1627,2174
142,1643,2193
143,1673,2253
144,1686,2268
145,1690,2273
146,1703,2291
147,1733,2329
148,1742,2338
149,1754,2353
150,1767,2366
151,1787,2387
152,1789,2389
153,1795,2395
154,1805,2406
155,1813,2414
156,1825,2427
157,1841,2450
158,1849,2459
159,1857,2470
160,1865,2478
161,1873,2492
162,1882,2502
163,1903,2528
164,1904,2529
165,1916,2542
166,1938,2571
167,1945,2580
168,1956,2596
169,1970,2616
170,1971,2617
171,1978,2628
172,1985,2640
173,1986,2641
174,1989,2644
175,1990,2648
176,1993,2654
177,1996,2657
178,2019,2692
179,2027,2700
180,2037,2716
181,2076,2761
182,2102,2797
183,2125,2826
184,2144,2858
185,2156,2872
186,2181,2899
187,2192,2916
188,2214,2944
189,2216,2947
190,2217,2948
191,2218,2949
192,2224,2959
193,2246,2985
194,2248,2987
195,2252,2991
196,2254,2993
197,2257,2997
198,2284,3033
199,2285,3034
200,2300,3052
201,2301,3053
202,2308,3062
203,2370,3147
204,2386,3168
205,2392,3176
206,2429,3243
207,2432,3247
208,2438,3253
209,2458,3273
210,2523,3386
211,2568,3439
212,2569,3440
213,2570,3441
214,2576,3448
215,2578,3450
216,2599,3479
217,2604,3489
218,2632,3527
219,2670,3578
220,2692,3617
221,2709,3639
222,2729,3671
223,2760,3702
224,2761,3703
225,2784,3729
226,2794,3740
227,2798,3744
228,2832,3793
229,2843,3809
230,2987,4006
231,3668,5060
232,277,318
234,1283,1704
236,4607,6874
261,30,31
263,545,647
264,565,688
265,585,720
266,656,849
267,696,914
268,831,1093
269,852,1124
270,961,1263
271,970,1272
273,999,1302
274,1053,1371
277,1543,2080
280,1700,2288
281,1823,2424
282,2140,2851
283,2278,3024
284,2414,3210
286,2941,3949
287,3330,4518
288,3661,5048
289,3729,5181
290,4039,5746
291,4044,5764
292,4116,5919
293,4267,6238
294,4588,6835
300,20,21
301,31,32
302,41,45
304,47,52
305,52,58
306,94,106
307,108,125
308,109,126
309,135,162
310,143,171
311,148,176
312,161,190
313,183,215
314,189,222
315,198,232
317,211,247
319,228,265
321,278,319
322,300,342
323,303,345
324,306,348
325,309,351
326,315,357
327,326,368
328,361,417
330,391,450
332,413,475
333,429,492
334,444,509
335,471,538
336,472,539
338,506,588
340,512,595
341,515,599
344,577,708
345,604,759
346,628,800
347,676,892
348,680,898
349,681,899
350,684,902
351,686,904
352,690,908
353,692,910
354,694,912
357,702,920
358,711,930
359,718,937
361,799,1046
362,808,1057
365,816,1077
366,818,1079
368,823,1084
369,825,1086
370,832,1094
371,839,1103
373,883,1179
374,885,1183
375,890,1188
379,900,1199
380,904,1203
381,911,1211
384,925,1225
385,948,1250
386,957,1259
388,964,1266
389,977,1279
391,981,1283
392,986,1288
394,1001,1304
395,1070,1391
396,1112,1449
397,1123,1466
401,1198,1597
403,1231,1641
405,1289,1719
407,1298,1733
408,1299,1734
409,1347,1834
410,1362,1860
411,1373,1883
412,1375,1885
413,1380,1892
414,1383,1895
415,1389,1907
416,1395,1914
417,1396,1916
418,1403,1923
419,1423,1947
420,1442,1966
422,1444,1968
423,1493,2019
424,1540,2076
426,1570,2109
427,1602,2145
428,1607,2150
430,1639,2186
431,1649,2203
432,1650,2204
433,1696,2282
434,1729,2324
435,1740,2336
436,1752,2351
437,1760,2359
438,1790,2390
441,1854,2467
443,1948,2583
444,1959,2599
446,2013,2683
448,2035,2712
449,2077,2762
450,2078,2763
451,2083,2770
452,2096,2791
453,2135,2843
455,2157,2874
456,2196,2921
457,2200,2926
459,2236,2973
462,2295,3044
463,2306,3060
464,2323,3079
465,2326,3083
466,2380,3160
467,2391,3175
469,2411,3204
470,2440,3255
471,2486,3317
472,2507,3358
473,2514,3365
475,2543,3408
476,2601,3481
478,2619,3508
479,2640,3538
480,2677,3591
481,2827,3788
483,2876,3851
484,2903,3897
485,2912,3911
486,2955,3967
487,2979,3996
488,2984,4002
489,2994,4014
490,3000,4020
491,3001,4021
492,3006,4027
493,3007,4029
494,3011,4033
495,3012,4034
496,3038,4074
497,3065,4121
498,3083,4144
499,3099,4166
500,3136,4226
501,3147,4239
502,3152,4246
503,3156,4252
504,3161,4260
505,3168,4273
506,3191,4308
507,3214,4347
508,3236,4381
509,3407,4641
510,3470,4741
511,3481,4765
512,3560,4881
513,3569,4896
514,3574,4902
515,3613,4967
518,32,34
519,33,36
520,35,39
524,123,150
525,126,153
528,217,253
529,225,261
531,229,266
532,251,290
534,260,300
537,302,344
540,322,364
542,337,380
543,355,410
545,412,474
547,450,515
549,464,531
550,467,534
552,507,589
555,511,594
558,514,597
560,1,2
562,3,4
563,4,5
565,6,7
566,7,8
567,9,10
568,10,11
569,12,13
570,14,15
571,15,16
572,16,17
573,18,19
575,21,22
576,23,24
577,24,25
578,25,26
579,26,27
584,37,41
585,39,43
587,42,46
590,49,54
591,53,60
592,54,61
593,55,62
594,58,65
595,59,66
596,68,76
597,71,79
598,77,86
599,78,87
600,79,88
601,80,89
602,81,92
603,82,93
604,84,95
605,88,100
606,90,102
607,92,104
608,93,105
610,99,112
611,100,113
613,113,135
614,115,140
615,116,141
616,118,145
617,119,146
621,131,158
622,132,159
623,133,160
624,134,161
626,138,165
627,140,168
628,142,170
630,146,174
631,149,177
632,151,179
633,152,180
634,153,181
635,156,185
636,157,186
637,160,189
638,162,191
639,165,195
640,166,196
641,169,201
642,172,204
643,173,205
644,175,207
645,176,208
646,177,209
647,178,210
648,180,212
650,185,217
651,186,218
652,187,219
654,191,224
655,192,225
656,196,230
658,200,234
659,202,236
660,203,237
661,205,239
662,206,240
663,209,243
664,212,248
665,214,250
666,215,251
667,216,252
669,218,254
670,220,256
671,221,257
672,222,258
674,226,262
677,230,267
678,232,270
679,233,271
680,235,273
681,236,274
682,238,276
683,239,277
684,241,279
685,243,281
686,244,282
687,249,288
688,250,289
689,252,291
690,253,292
691,254,293
693,262,302
694,263,303
695,264,304
696,269,310
697,271,312
698,272,313
699,273,314
700,274,315
702,276,317
704,285,327
705,287,329
706,288,330
707,290,332
709,294,336
710,295,337
711,297,339
712,298,340
714,301,343
716,305,347
719,308,350
721,310,352
722,311,353
723,312,354
724,313,355
727,316,358
728,317,359
729,318,360
730,319,361
733,324,366
736,328,370
737,329,371
738,332,374
739,334,377
740,335,378
742,338,381
743,339,382
744,340,383
745,350,405
747,356,412
748,359,415
749,360,416
750,363,419
751,370,426
752,376,432
753,378,434
754,379,435
755,381,437
756,383,440
757,387,445
759,395,454
760,396,455
762,399,458
763,401,460
764,404,466
765,406,468
766,407,469
767,410,472
770,415,477
772,422,485
773,426,489
774,427,490
775,428,491
776,430,493
777,431,494
778,434,497
780,438,502
781,440,505
782,443,508
784,445,510
786,451,516
787,455,520
788,459,524
791,465,532
792,469,536
793,470,537
795,473,540
796,475,542
798,478,546
799,480,548
802,494,569
803,497,575
804,505,587
814,519,606
816,521,609
817,527,616
818,533,628
819,534,631
820,540,637
821,543,640
823,552,662
824,555,667
825,568,694
826,570,697
827,572,700
828,574,704
830,578,709
831,579,710
832,580,711
833,584,719
835,600,747
836,607,762
837,609,765
838,612,775
840,618,783
841,625,795
842,627,799
843,629,801
844,630,802
845,639,818
846,644,830
847,647,835
848,649,837
849,650,838
850,651,839
851,654,842
852,655,848
853,658,852
854,662,867
855,668,880
856,669,881
857,673,888
858,675,891
859,747,979
860,748,981
861,751,986
862,755,991
863,758,996
864,760,999
865,762,1004
866,764,1006
869,811,1061
870,812,1064
872,821,1082
891,602,750
894,706,924
895,838,1101
903,944,1246
906,1186,1584
907,1210,1610
909,1266,1682
910,1321,1784
911,1397,1917
920,2006,2671
922,2016,2688
923,2028,2701
924,2038,2717
927,2353,3114
928,2504,3354
931,2696,3623
933,2888,3869
934,2916,3916
935,2962,3977
936,2978,3994
937,2998,4018
938,3133,4223
940,3189,4306
941,3192,4310
942,3229,4370
943,3409,4643
944,3441,4700
945,3535,4844
946,3554,4874
947,3563,4886
949,3609,4963
950,3633,4993
951,3635,4995
952,3740,5218
953,3814,5349
954,3827,5378
955,3868,5445
956,3880,5459
957,3885,5464
958,3910,5502
959,3979,5618
960,4070,5816
961,4131,5952
962,4153,5989
963,4155,5991
964,4328,6333
965,4345,6365
966,4416,6534
967,4421,6539
968,4600,6863
969,4631,6934
970,4786,7143
971,4791,7153
972,4793,7155
973,4931,7445
1067,504,586
1074,158,187
1077,532,627
1078,704,922
1080,794,1037
1081,833,1095
1084,1258,1674
1085,1463,1987
1086,1485,2011
1088,1497,2023
1089,1710,2300
1090,2160,2877
1091,2183,2901
1092,2389,3173
1093,2492,3328
1094,2789,3735
1095,3074,4131
1096,3352,4558
1101,3870,5447
1102,3874,5451
1103,3898,5481
1104,3915,5507
1105,4082,5841
1106,4083,5843
1107,4090,5872
1108,4104,5890
1109,4105,5891
1110,4106,5893
1111,4111,5902
1113,4135,5956
1114,4139,5962
1115,4141,5965
1116,4152,5988
1117,4161,6001
1118,4186,6044
1124,785,1028
1125,826,1088
1126,945,1247
1127,1004,1307
1136,2895,3882
1139,3282,4447
1142,3673,5066
1143,3826,5377
1144,3981,5620
1145,4125,5943
1147,4136,5957
1148,4221,6155
1149,4282,6266
1150,4354,6377
1151,4417,6535
1152,4636,6942
1153,4788,7149
1154,4790,7151
1156,4792,7154
1157,4803,7169
1158,4858,7293
1159,4910,7375
1160,4935,7451
1161,4939,7458
1262,40,44
1275,333,376
1284,446,511
1285,463,529
1292,837,1100
1295,1045,1358
1296,1052,1370
1297,1065,1385
1300,1104,1438
1301,1154,1518
1305,1188,1586
1307,1205,1604
1308,1208,1608
1309,1216,1616
1310,1271,1687
1311,1275,1693
1313,1290,1721
1315,1352,1840
1316,1372,1882
1318,1398,1918
1320,1476,2002
1321,1501,2027
1335,1044,1357
1336,1080,1405
1338,1370,1876
1339,1536,2072
1340,1562,2100
1341,1820,2421
1342,1869,2485
1343,1939,2572
1344,1946,2581
1345,2021,2694
1347,2727,3668
1356,265,305
1358,878,1173
1360,1192,1590
1361,1218,1619
1362,1230,1639
1366,1915,2541
1368,2475,3300
1369,2544,3409
1370,2623,3513
1372,2697,3624
1373,2775,3717
1374,2804,3753
1376,2836,3798
1377,2857,3827
1378,2884,3863
1379,2899,3893
1381,2944,3952
1384,2992,4011
1385,3086,4148
1398,163,193
1415,389,448
1433,619,784
1438,144,172
1453,659,858
1456,901,1200
1462,1034,1347
1463,1157,1527
1464,1242,1653
1465,1390,1909
1466,1475,2001
1470,1544,2081
1471,1548,2085
1473,1692,2278
1481,2376,3156
1482,2610,3499
1483,2620,3510
1484,2637,3535
1485,2653,3555
1492,3002,4022
1496,3456,4720
1503,4145,5971
1506,4402,6502
1508,4842,7254
1509,4926,7438
1571,98,111
1580,474,541
1583,561,678
1584,599,745
1590,695,913
1594,866,1147
1595,867,1148
1596,888,1186
1598,895,1193
1603,902,1201
1605,907,1207
1611,923,1223
1612,929,1230
1614,950,1252
1615,958,1260
1616,959,1261
1617,965,1267
1618,974,1276
1619,979,1281
1620,996,1299
1622,1264,1680
1628,1871,2490
1631,2031,2707
1632,2043,2723
1636,2258,3000
1637,2277,3022
1638,2348,3108
1639,2390,3174
1640,2559,3429
1641,2741,3683
1642,2795,3741
1647,3557,4878
1648,3617,4973
1651,4052,5782
1654,4342,6350
1655,4760,7099
1657,4900,7361
1693,793,1036
1704,909,1209
1707,921,1221
1709,928,1228
1710,933,1234
1719,1057,1375
1727,1644,2194
1735,2290,3039
1737,2448,3263
1738,2565,3435
1740,2739,3681
1744,3358,4571
1750,4170,6016
1752,4604,6870
1755,4945,7482
1808,375,431
1810,385,442
1819,486,555
1829,549,653
1832,613,778
1843,778,1020
1845,809,1059
1862,912,1212
1869,927,1227
1872,943,1245
1881,1043,1356
1884,1056,1374
1890,1163,1544
1900,1294,1729
1907,1404,1924
1909,1437,1961
1919,1637,2184
1926,1808,2409
1927,1809,2410
1928,1810,2411
1929,1811,2412
1930,1819,2420
1932,1821,2422
1939,2030,2706
1941,2194,2918
1942,2220,2951
1943,2222,2953
1947,2324,3081
1950,2442,3257
1951,2460,3275
1952,2586,3462
1956,2802,3751
1957,2824,3785
1959,2902,3896
1962,2988,4007
1966,3162,4262
1968,3202,4327
1969,3237,4383
1971,3462,4728
1972,3520,4816
1979,3639,5008
1980,3706,5120
1982,3765,5266
1984,3849,5418
1989,3951,5574
1990,3970,5608
1991,4007,5669
1992,4013,5679
1994,4112,5903
1995,4126,5944
1999,4159,5995
2000,4295,6287
2001,4306,6300
2004,4350,6373
2006,4355,6378
2007,4383,6440
2010,4426,6548
2011,4520,6709
2012,4561,6787
2013,4574,6807
2017,4617,6888
2019,4694,7018
2020,4787,7147
2024,4875,7317
2025,4876,7318
2026,4880,7323
2028,4909,7373
2030,4999,7753
2279,11,12
2287,44,48
2289,57,64
2296,95,107
2297,103,118
2305,145,173
2323,256,295
2326,283,325
2327,286,328
2332,296,338
2347,330,372
2351,336,379
2353,352,407
2355,358,414
2356,364,420
2357,366,422
2359,371,427
2375,423,486
2380,447,512
2381,448,513
2390,483,551
2391,488,558
2400,522,610
2401,523,611
2408,558,671
2410,560,674
2416,587,724
2419,597,742
2420,598,743
2422,606,761
2425,620,785
2426,622,788
2427,626,798
2429,637,810
2431,643,829
2433,645,832
2439,661,866
2440,667,879
2443,685,903
2445,688,906
2447,693,911
2449,697,915
2450,703,921
2453,712,931
2454,714,933
2455,740,965
2456,750,984
2458,774,1016
2460,779,1021
2465,800,1047
2472,820,1081
2478,857,1129
2489,915,1215
2492,937,1238
2495,955,1257
2500,967,1269
2503,983,1285
2505,994,1297
2507,1010,1322
2508,1012,1324
2509,1018,1330
2510,1021,1333
2511,1026,1339
2512,1029,1342
2513,1032,1345
2514,1033,1346
2516,1042,1355
2518,1046,1359
2519,1051,1367
2521,1054,1372
2522,1055,1373
2525,1058,1376
2527,1060,1378
2528,1061,1379
2529,1062,1380
2531,1073,1394
2534,1082,1407
2535,1084,1409
2536,1097,1427
2537,1107,1441
2538,1115,1456
2539,1116,1457
2540,1120,1461
2541,1126,1474
2542,1130,1479
2543,1134,1485
2544,1137,1489
2545,1144,1499
2549,1162,1542
2551,1168,1550
2552,1169,1551
2554,1172,1556
2555,1173,1562
2556,1176,1566
2557,1177,1569
2560,1185,1583
2562,1190,1588
2564,1193,1591
2565,1195,1593
2567,1204,1603
2569,1214,1614
2573,1235,1645
2574,1238,1648
2576,1246,1658
2577,1251,1663
2578,1252,1665
2580,1263,1679
2581,1265,1681
2582,1272,1688
2583,1273,1689
2584,1274,1690
2585,1281,1702
2586,1287,1717
2587,1288,1718
2588,1291,1722
2590,1303,1747
2591,1304,1748
2592,1307,1754
2594,1319,1779
2595,1320,1783
2597,1328,1798
2599,1333,1806
2600,1337,1812
2601,1338,1816
2602,1345,1831
2604,1355,1845
2605,1356,1848
2606,1357,1855
2607,1363,1862
2608,1371,1881
2611,1377,1888
2612,1379,1891
2614,1382,1894
2616,1388,1906
2619,1392,1911
2622,1399,1919
2624,1401,1921
2627,1439,1963
2630,1446,1970
2631,1447,1971
2632,1448,1972
2633,1449,1973
2634,1465,1991
2635,1468,1994
2639,1477,2003
2640,1478,2004
2644,1488,2014
2645,1489,2015
2646,1490,2016
2647,1500,2026
2650,1505,2034
2651,1507,2036
2652,1508,2037
2653,1510,2040
2654,1511,2041
2655,1514,2044
2658,1519,2052
2659,1520,2053
2661,1527,2060
2662,1529,2065
2666,1545,2082
2667,1550,2088
2668,1554,2092
2670,1559,2097
2673,1569,2108
2674,1571,2110
2675,1572,2111
2677,1578,2118
2678,1583,2123
2679,1590,2133
2680,1591,2134
2683,1597,2140
2685,1601,2144
2687,1605,2148
2689,1610,2153
2690,1622,2167
2691,1623,2169
2692,1625,2171
2698,1652,2206
2699,1659,2227
2700,1661,2232
2701,1666,2243
2702,1667,2244
2703,1668,2245
2704,1670,2248
2705,1671,2249
2707,1674,2255
2708,1679,2261
2709,1681,2263
2710,1684,2266
2711,1685,2267
2712,1693,2279
2713,1699,2287
2714,1705,2294
2715,1712,2302
2716,1722,2315
2717,1725,2320
2718,1726,2321
2719,1732,2328
2720,1739,2335
2722,1755,2354
2723,1756,2355
2725,1770,2369
2726,1772,2371
2727,1773,2372
2728,1775,2374
2729,1776,2375
2731,1793,2393
2732,1794,2394
2733,1796,2396
2735,1806,2407
2736,1812,2413
2738,1815,2416
2739,1817,2418
2740,1822,2423
2742,1826,2428
2743,1838,2446
2745,1843,2453
2746,1845,2455
2747,1848,2458
2748,1852,2463
2749,1853,2465
2751,1855,2468
2756,1872,2491
2757,1877,2496
2759,1889,2513
2760,1894,2518
2762,1913,2539
2763,1919,2548
2764,1921,2550
2765,1926,2555
2766,1928,2558
2770,1961,2605
2771,1962,2606
2772,1968,2614
2774,1974,2622
2778,1987,2642
2779,1988,2643
2781,2003,2668
2782,2007,2672
2784,2015,2687
2786,2026,2699
2790,2033,2709
2791,2034,2710
2794,2040,2719
2795,2041,2720
2796,2042,2722
2798,2053,2733
2799,2066,2746
2800,2073,2754
2803,2093,2788
2805,2098,2793
2807,2107,2802
2808,2109,2804
2809,2111,2806
2810,2113,2808
2811,2123,2822
2812,2130,2836
2813,2133,2840
2814,2143,2857
2816,2146,2860
2817,2152,2867
2818,2154,2870
2819,2166,2883
2820,2171,2888
2821,2180,2898
2822,2182,2900
2824,2191,2915
2827,2208,2936
2830,2231,2968
2833,2255,2995
2835,2262,3005
2836,2271,3016
2837,2272,3017
2838,2282,3031
2839,2283,3032
2842,2286,3035
2844,2291,3040
2846,2298,3048
2848,2304,3056
2849,2309,3063
2850,2310,3064
2851,2314,3070
2852,2316,3072
2854,2325,3082
2855,2328,3087
2856,2341,3101
2857,2344,3104
2859,2352,3113
2861,2369,3146
2865,2402,3190
2866,2410,3203
2867,2416,3213
2868,2419,3219
2869,2423,3225
2870,2426,3238
2873,2433,3248
2875,2439,3254
2878,2443,3258
2880,2449,3264
2881,2454,3269
2884,2476,3301
2885,2481,3308
2886,2485,3316
2887,2488,3324
2888,2505,3355
2890,2510,3361
2891,2516,3370
2892,2524,3387
2893,2530,3393
2894,2531,3394
2895,2532,3395
2896,2533,3396
2897,2534,3397
2898,2535,3398
2899,2536,3400
2900,2537,3401
2902,2550,3418
2903,2552,3421
2904,2555,3424
2908,2582,3454
2909,2587,3466
2910,2592,3471
2911,2596,3476
2912,2597,3477
2915,2602,3483
2916,2603,3484
2918,2608,3497
2920,2611,3500
2921,2612,3501
2922,2616,3505
2924,2625,3515
2925,2631,3526
2926,2636,3534
2928,2638,3536
2929,2646,3548
2930,2648,3550
2931,2649,3551
2933,2673,3584
2935,2680,3594
2936,2687,3608
2937,2695,3622
2940,2723,3662
2943,2743,3685
2944,2744,3686
2945,2750,3692
2946,2751,3693
2947,2756,3698
2948,2757,3699
2949,2759,3701
2950,2762,3704
2951,2763,3705
2952,2764,3706
2953,2766,3708
2954,2770,3712
2957,2797,3743
2959,2799,3745
2961,2803,3752
2962,2805,3754
2963,2811,3763
2964,2818,3770
2965,2823,3784
2968,2835,3797
2970,2839,3802
2972,2855,3825
2973,2856,3826
2974,2863,3835
2975,2865,3837
2976,2867,3839
3006,768,1010
3007,770,1012
3008,771,1013
3009,773,1015
3010,776,1018
3012,780,1022
3019,792,1035
3029,1166,1547
3039,1480,2006
3044,1526,2059
3048,1546,2083
3050,1549,2087
3051,1551,2089
3057,1592,2135
3067,1828,2430
3068,1933,2565
3080,2211,2941
3084,2377,3157
3085,2379,3159
3086,2401,3189
3093,2545,3410
3094,2567,3438
3097,2622,3512
3100,2647,3549
3102,2659,3565
3104,2690,3615
3110,2806,3755
3113,2877,3852
3116,2940,3948
3118,2959,3972
3120,2970,3986
3121,2972,3988
3122,2974,3990
3125,2982,3999
3127,2996,4016
3128,2999,4019
3130,3005,4025
3133,3016,4039
3134,3026,4054
3135,3050,4090
3136,3090,4154
3137,3097,4161
3139,3140,4232
3141,3167,4270
3142,3185,4299
3146,3212,4344
3147,3225,4366
3148,3226,4367
3149,3228,4369
3151,3234,4378
3152,3281,4446
3154,3284,4449
3155,3331,4519
3156,3404,4638
3160,3454,4718
3162,3465,4734
3163,3490,4776
3164,3494,4783
3166,3522,4821
3167,3537,4846
3168,3539,4848
3169,3549,4865
3172,3573,4901
3173,3623,4979
3174,3630,4990
3177,3644,5013
3178,3645,5014
3179,3646,5015
3180,3694,5103
3181,3700,5110
3182,3726,5171
3184,3759,5254
3185,3780,5293
3186,3785,5299
3187,3794,5313
3189,3821,5364
3191,3834,5388
3193,3850,5419
3195,3884,5463
3198,3912,5504
3201,3986,5630
3203,4021,5693
3204,4054,5785
3209,4217,6143
3210,4222,6156
3211,4223,6157
3212,4228,6166
3213,4230,6170
3214,4303,6297
3216,4338,6345
3217,4344,6358
3223,34,38
3294,1777,2376
3295,1779,2378
3296,1801,2402
3297,1802,2403
3310,2044,2724
3321,2250,2989
3322,2251,2990
3335,2704,3633
3336,2706,3635
3337,2708,3638
3339,2755,3697
3341,2887,3868
3344,2968,3984
3346,2986,4005
3347,3017,4040
3348,3047,4085
3351,3312,4489
3352,3347,4545
3353,3391,4621
3356,3442,4701
3364,3741,5219
3374,4060,5796
3383,4403,6503
3393,4956,7569
3394,4957,7570
3395,4959,7573
3396,4980,7701
3672,1428,1952
3673,1429,1953
3675,1615,2160
3681,2263,3006
3690,2997,4017
3693,3014,4036
3699,3575,4903
3708,3978,5617
3710,4010,5673
3716,4522,6711
3782,28,29
3786,147,175
3787,234,272
3791,292,334
3796,596,741
3807,802,1050
3811,879,1175
3821,917,1217
3822,918,1218
3825,931,1232
3826,932,1233
3827,936,1237
3828,941,1243
3830,946,1248
3831,947,1249
3835,972,1274
3836,982,1284
3837,1095,1425
3838,1121,1464
3840,1285,1711
3842,1335,1809
3843,1361,1859
3844,1374,1884
3846,1436,1960
3851,1944,2579
3852,2014,2686
3853,2046,2726
3854,2050,2730
3856,2190,2912
3859,2281,3030
3861,2396,3181
3862,2450,3265
3866,2852,3822
3871,3143,4235
3874,3804,5333
3878,4264,6234
3879,4362,6387
3881,4527,6721
3882,4551,6773
3883,4564,6790
3885,4596,6857
3887,4628,6920
3888,4672,6989
3889,4733,7064
3890,4736,7069
3892,4775,7123
3894,4963,7587
3938,1804,2405
3946,2654,3556
3953,3543,4855
3956,3671,5064
3960,4058,5791
4067,204,238
4073,365,421
4086,635,808
4092,742,969
4099,822,1083
4114,960,1262
4117,985,1287
4120,1066,1387
4127,1194,1592
4135,1503,2032
4145,1599,2142
4147,1608,2151
4151,1718,2311
4157,1905,2530
4158,1907,2532
4164,2159,2876
4165,2169,2886
4170,2288,3037
4177,2502,3350
4179,2579,3451
4184,2627,3519
4186,2718,3654
4190,2830,3791
4192,2864,3836
4197,22,23
4206,120,147
4209,179,211
4225,372,428
4227,397,456
4232,419,481
4233,442,507
4247,538,635
4250,581,714
4256,657,851
4270,849,1120
4273,876,1171
4295,951,1253
4298,969,1271
4301,1000,1303
4306,1118,1459
4308,1131,1480
4322,1262,1678
4329,1322,1785
4336,1495,2021
4344,1660,2231
4347,1689,2272
4351,1759,2358
4361,1972,2618
4370,2134,2841
4372,2189,2908
4377,2221,2952
4383,2275,3020
4386,2340,3100
4387,2345,3105
4388,2347,3107
4391,2387,3169
4396,2394,3178
4397,2407,3198
4398,2431,3246
4399,2435,3250
4400,2437,3252
4401,2441,3256
4402,2445,3260
4403,2456,3271
4404,2457,3272
4409,2509,3360
4417,2642,3543
4425,2822,3783
4430,2942,3950
4432,2965,3980
4441,3022,4047
4442,3124,4211
4445,3146,4238
4446,3155,4251
4448,3211,4343
4453,3396,4626
4454,3435,4688
4455,3486,4772
4457,3498,4787
4464,3640,5009
4465,3641,5010
4466,3666,5055
4467,3719,5152
4468,3766,5267
4469,3779,5292
4470,3803,5329
4475,3869,5446
4478,3953,5577
4481,3987,5632
4482,4015,5682
4483,4040,5747
4486,4127,5945
4488,4134,5955
4493,4291,6281
4497,4378,6428
4500,4419,6537
4503,4430,6552
4504,4440,6565
4505,4473,6617
4507,4568,6796
4509,4582,6817
4510,4601,6867
4513,4613,6884
4515,4640,6947
4516,4646,6953
4517,4648,6957
4518,4661,6974
4519,4675,6993
4520,4678,6997
4521,4687,7009
4522,4699,7025
4523,4755,7090
4527,4851,7263
4532,4944,7481
4533,4974,7649
4534,4984,7706
4778,733,953
4783,905,1204
4789,940,1242
4798,1317,1772
4799,1324,1792
4800,1416,1939
4801,1421,1945
4803,1711,2301
4809,2512,3363
4816,3624,4980
4822,4794,7156
4823,4913,7379
4892,518,605
4893,524,612
4906,836,1099
4913,930,1231
4921,1040,1353
4923,1047,1361
4924,1048,1363
4926,1072,1393
4944,66,74
4945,70,78
4951,164,194
4952,171,203
4955,210,246
4974,409,471
4997,621,786
5014,840,1104
5027,1099,1429
5029,1117,1458
5037,27,28
5045,83,94
5054,213,249
5062,267,307
5063,268,308
5065,281,322
5070,342,385
5072,388,446
5074,393,452
5085,489,562
5086,500,580
5091,525,613
5092,582,715
5095,633,805
5100,757,994
5101,784,1027
5102,807,1056
5106,881,1177
5114,978,1280
5117,1049,1365
5119,1078,1399
5120,1110,1446
5121,1128,1476
5122,1135,1487
5124,1160,1537
5126,1164,1545
5131,1220,1621
5132,1228,1633
5135,1233,1643
5138,1256,1672
5139,1257,1673
5147,1329,1799
5148,1330,1801
5150,1353,1841
5160,1573,2112
5166,1717,2310
5168,1737,2333
5171,1758,2357
5172,1791,2391
5174,1836,2443
5177,1881,2501
5182,2017,2690
5185,2158,2875
5186,2213,2943
5228,2980,3997
5241,3716,5146
5244,3872,5449
5247,4270,6242
5252,4442,6567
5253,4474,6618
5299,477,544
5328,1687,2269
5334,2055,2735
5335,2099,2794
5336,2311,3066
5337,2455,3270
5339,2501,3347
5340,2511,3362
5342,2814,3766
5344,2882,3861
5348,3131,4220
5350,3688,5093
5352,3793,5312
5355,4494,6662
5445,503,585
5527,1745,2342
5544,2274,3019
5567,74,82
5572,105,121
5586,168,199
5594,194,228
5610,266,306
5645,449,514
5657,564,685
5719,2466,3285
5726,2956,3968
5742,3567,4890
5760,4519,6708
5762,4544,6763
5767,4805,7173
5771,4930,7444
5889,106,122
5892,117,144
5906,193,227
5936,353,408
5938,357,413
5941,362,418
5943,368,424
5945,377,433
5947,380,436
5950,400,459
5963,482,550
5974,542,639
5980,617,782
6008,893,1191
6025,1030,1343
6033,1101,1431
6034,1113,1453
6038,1124,1468
6043,1136,1488
6046,1149,1513
6063,1253,1667
6072,1292,1726
6077,1336,1810
6079,1348,1835
6088,1451,1975
6089,1452,1976
6103,1603,2146
6104,1612,2155
6107,1662,2236
6112,1708,2297
6114,1715,2306
6118,1753,2352
6125,1803,2404
6134,1831,2433
6138,1878,2497
6139,1880,2500
6141,1885,2505
6144,1936,2568
6146,1941,2574
6149,1958,2598
6158,2029,2702
6162,2036,2713
6170,2084,2771
6172,2100,2795
6173,2101,2796
6175,2110,2805
6176,2126,2827
6177,2147,2861
6178,2155,2871
6180,2173,2890
6181,2187,2906
6195,2338,3098
6199,2356,3120
6200,2366,3142
6204,2393,3177
6205,2400,3186
6206,2413,3208
6216,2444,3259
6217,2446,3261
6221,2473,3298
6224,2490,3326
6234,2613,3502
6239,2650,3552
6242,2713,3646
6244,2752,3694
6245,2753,3695
6250,2812,3764
6253,2854,3824
6254,2869,3841
6258,2938,3946
6263,2971,3987
6267,2989,4008
6273,3018,4041
6274,3030,4062
6275,3035,4067
6276,3046,4084
6278,3054,4102
6279,3075,4132
6280,3089,4153
6281,3091,4155
6282,3122,4207
6284,3172,4280
6285,3180,4293
6286,3196,4317
6287,3197,4321
6288,3198,4322
6289,3204,4333
6290,3215,4349
6291,3217,4351
6292,3223,4359
6293,3224,4361
6295,3248,4396
6296,3277,4442
6297,3296,4466
6298,3304,4477
6299,3307,4482
6300,3310,4487
6302,3326,4509
6303,3328,4516
6304,3345,4541
6306,3355,4564
6307,3356,4565
6308,3362,4577
6310,3393,4623
6311,3398,4629
6312,3415,4654
6313,3430,4679
6314,3433,4686
6327,51,57
6352,223,259
6393,421,484
6396,454,519
6423,642,828
6427,841,1105
6433,17,18
6448,553,663
6453,595,737
6459,646,833
6460,648,836
6464,674,889
6489,61,69
6569,715,934
6570,763,1005
6575,790,1033
6616,1069,1390
6622,1108,1442
6637,1215,1615
6640,1232,1642
6649,1306,1753
6650,1314,1769
6654,1364,1863
6655,1365,1866
6660,1412,1934
6669,1512,2042
6672,1528,2064
6682,1567,2106
6685,1584,2124
6688,1645,2195
6698,1829,2431
6704,1884,2504
6725,2039,2718
6726,2051,2731
6746,2261,3004
6756,2405,3196
6760,2434,3249
6765,2453,3268
6769,2459,3274
6774,2522,3385
6807,3056,4104
6812,3321,4502
6820,3590,4929
6821,3605,4958
6823,3618,4974
6828,3718,5151
6830,3742,5220
6831,3774,5283
6832,3789,5307
6833,3790,5308
6840,3908,5500
6842,3926,5528
6843,3946,5568
6844,3956,5582
6845,3958,5585
6846,3960,5589
6857,4859,7294
6926,348,391
6947,1581,2121
6956,2212,2942
6961,2871,3844
6963,2957,3969
6966,3301,4474
6970,3619,4975
6972,3698,5108
6981,4546,6765
6983,4796,7160
7064,1008,1320
7086,4099,5882
7130,691,909
7152,949,1251
7157,971,1273
7161,987,1289
7180,1619,2164
7182,1924,2553
7186,2052,2732
7187,2199,2925
7195,2420,3221
7196,2548,3415
7198,2785,3730
7202,3173,4282
7204,3250,4399
7205,3416,4658
7208,3579,4914
7209,3589,4928
7210,3637,5004
7211,3648,5021
7216,4068,5810
7218,4121,5932
7219,4268,6239
7223,4495,6663
7224,4498,6666
7229,4662,6975
7230,4732,7063
7231,4819,7206
7232,4839,7247
7233,4884,7327
7234,4922,7396
7236,4979,7700
7237,4997,7748
7448,344,387
7453,417,479
7454,420,482
7458,457,522
7471,616,781
7483,769,1011
7484,772,1014
7498,934,1235
7500,942,1244
7508,998,1301
7511,1037,1350
7539,1368,1873
7545,1471,1997
7546,1473,1999
7563,1614,2159
7566,1636,2183
7570,1683,2265
7577,1727,2322
7578,1757,2356
7579,1764,2363
7584,1780,2379
7585,1781,2380
7590,1807,2408
7592,1844,2454
7596,1899,2524
7597,1908,2533
7598,1925,2554
7600,1951,2587
7603,1967,2613
7604,1969,2615
7606,1983,2634
7609,1999,2661
7610,2001,2664
7616,2072,2752
7631,2241,2978
7637,2354,3115
7638,2371,3148
7647,2525,3388
7650,2560,3430
7655,2689,3614
7663,2837,3799
7665,2848,3814
7668,2917,3917
7669,2918,3918
7671,2949,3959
7682,3127,4215
7684,3149,4241
7685,3158,4255
7687,3165,4267
7689,3178,4291
7693,3209,4340
7695,3272,4437
7697,3294,4464
7698,3316,4496
7699,3325,4508
7701,3371,4591
7702,3450,4713
7705,3555,4876
7708,3616,4971
7709,3632,4992
7710,3657,5040
7714,3808,5339
7719,3913,5505
7722,4009,5672
7723,4030,5712
7726,4321,6323
7727,4349,6371
7729,4492,6659
7732,4560,6786
7733,4566,6793
7735,4606,6873
7736,4609,6880
7738,4681,7000
7739,4683,7004
7740,4685,7007
7741,4711,7040
7744,4799,7163
7916,601,748
7918,698,916
7922,853,1125
7926,1458,1982
7967,991,1293
8062,167,198
8095,411,473
8104,453,518
8130,576,707
8132,590,728
8150,660,861
8154,679,897
8169,722,942
8170,731,951
8171,735,955
8197,886,1184
8222,952,1254
8227,966,1268
8233,975,1277
8257,1067,1388
8260,1090,1416
8266,1143,1498
8276,1174,1564
8291,1236,1646
8293,1254,1670
8311,1360,1858
8317,1393,1912
8327,1483,2009
8333,1531,2067
8341,1563,2102
8352,1648,2202
8357,1701,2289
8378,1827,2429
8380,1863,2476
8396,2011,2681
8406,2075,2759
8417,2193,2917
8420,2197,2922
8421,2207,2935
8426,2225,2961
8439,2296,3045
8463,2496,3334
8467,2557,3426
8471,2574,3446
8476,2606,3494
8478,2618,3507
8483,2679,3593
8486,2701,3628
8487,2703,3632
8491,2712,3643
8501,2817,3769
8502,2820,3773
8503,2821,3774
8504,2845,3811
8508,2907,3901
8509,2930,3937
8555,242,280
8651,709,928
8658,869,1151
8678,1098,1428
8686,1227,1631
8688,1278,1696
8690,1327,1797
8693,1420,1944
8695,1494,2020
8698,1539,2075
8714,2319,3075
8716,2424,3230
8721,2585,3461
8726,2609,3498
8727,2615,3504
8729,4390,6460
8747,2059,2739
8880,4191,6058
8886,4422,6541
8887,4439,6564
9213,903,1202
9241,1441,1965
9260,2329,3088
9287,3057,4105
9324,4206,6104
9333,4696,7022
9334,4780,7132
9338,4918,7387
9479,323,365
9522,741,968
9537,834,1096
9608,1312,1762
9613,1378,1889
9654,1720,2313
9698,2186,2905
9708,2292,3041
9766,3003,4023
9771,3071,4128
9788,3235,4380
9789,3283,4448
9796,3487,4773
9803,3610,4964
9811,3651,5026
9815,3746,5225
9818,3778,5291
9822,3848,5417
9833,4020,5690
9837,4095,5878
9841,4133,5954
9846,4239,6188
9847,4252,6214
9848,4256,6218
9852,4302,6296
9854,4326,6331
9859,4360,6385
9868,4633,6936
9869,4637,6944
9874,4783,7139
9878,4798,7162
9879,4834,7235
9883,4899,7360
9885,4923,7411
9890,4995,7743
9996,219,255
10015,458,523
10017,468,535
10071,916,1216
10093,1014,1326
10099,1064,1382
10107,1161,1541
10126,1432,1956
10141,1676,2257
10147,1719,2312
10148,1723,2316
10150,1800,2401
10176,2223,2956
10178,2229,2966
10180,2280,3029
10188,2318,3074
10195,2409,3201
10199,2447,3262
10203,2572,3444
10219,3041,4079
10222,3087,4149
10223,3094,4158
10224,3119,4203
10226,3139,4231
10229,3295,4465
10230,3319,4499
10231,3344,4537
10232,3359,4572
10233,3365,4581
10234,3368,4585
10236,3383,4611
10237,3388,4616
10243,3649,5023
10244,3764,5265
10254,3938,5548
10258,3995,5644
10264,4173,6022
10265,4175,6025
10266,4213,6124
10270,4314,6313
10276,4482,6636
10279,4541,6754
10283,4587,6832
10287,4664,6979
10288,4677,6996
10290,4691,7015
10292,4701,7027
10293,4702,7028
10294,4715,7046
10295,4717,7048
10298,4778,7127
10304,4882,7325
10309,4949,7493
10310,4970,7624
10311,4973,7647
10347,3984,5628
10507,665,875
10515,713,932
10517,775,1017
10518,777,1019
10576,990,1292
10589,1063,1381
10608,1151,1515
10631,1229,1635
10644,1282,1703
10713,1585,2125
10741,1738,2334
10744,1744,2340
10747,1786,2385
10763,1858,2471
10774,1930,2560
10775,1935,2567
10787,2000,2662
10805,2048,2728
10812,2108,2803
10819,2164,2881
10829,2219,2950
10844,2321,3077
10887,2580,3452
10899,2651,3553
10900,2652,3554
10909,2717,3653
10912,2733,3675
10918,2765,3707
10926,2825,3786
10947,2963,3978
10948,2966,3981
10955,2995,4015
10966,3036,4068
10967,3037,4069
10970,3067,4124
10972,3080,4141
10986,3201,4326
10990,3221,4356
10994,3231,4372
10996,3240,4387
10997,3241,4388
11007,3405,4639
11009,3428,4677
11010,3431,4681
11018,3524,4823
11022,3556,4877
11030,3614,4969
11038,3662,5049
11056,3840,5400
11059,3867,5444
11066,3935,5541
11067,3940,5553
11091,4241,6193
11103,4359,6383
11112,4461,6595
11115,4518,6707
11119,4540,6753
11121,4542,6755
11126,4608,6879
11128,4620,6893
11131,4635,6939
11136,4688,7010
11140,4782,7137
11148,4844,7256
11150,4878,7320
11152,4892,7346
11159,4936,7454
11161,4950,7541
11162,4955,7566
11660,3472,4744
11664,3559,4880
11678,877,1172
11691,997,1300
11699,1431,1955
11700,1435,1959
11701,1438,1962
11708,2373,3152
11710,2508,3359
11712,2589,3468
11796,1593,2136
12032,707,926
12033,729,949
12034,796,1041
12038,887,1185
12059,1484,2010
12065,1761,2360
12067,1955,2594
12077,2330,3089
12083,2480,3307
12092,3055,4103
12095,3265,4427
12096,3348,4546
12101,3786,5300
12102,3788,5304
12103,3809,5341
12104,3860,5434
12107,4069,5812
12108,4089,5867
12114,4265,6235
12115,4271,6244
12116,4286,6270
12117,4307,6301
12118,4310,6305
12121,4458,6591
12125,4565,6791
12126,4593,6852
12127,4597,6858
12130,4752,7087
12131,4795,7158
12132,4833,7234
12135,4925,7419
12251,4309,6303
12253,4682,7001
12313,1724,2318
12340,4977,7669
12413,19,20
12453,2097,2792
12474,137,164
12484,891,1189
12486,894,1192
12517,1997,2659
12528,2406,3197
12530,2451,3266
12531,2556,3425
12532,2668,3576
12578,3564,4887
12592,4192,6059
12601,4645,6952
12826,1782,2381
12827,1784,2383
12828,1785,2384
12875,3239,4386
12881,3629,4989
12883,3672,5065
12885,3689,5094
12886,3696,5106
12890,3782,5296
12894,3845,5414
12903,4065,5803
12905,4092,5874
12906,4109,5900
12908,4165,6006
12909,4169,6014
12913,4274,6249
12916,4333,6338
12921,4400,6484
12924,4418,6536
12929,4428,6550
12931,4441,6566
12932,4455,6586
12933,4460,6593
12935,4506,6686
12936,4507,6687
12937,4515,6702
12939,4537,6750
12940,4539,6752
12941,4545,6764
12945,4615,6886
12946,4616,6887
12948,4639,6946
12949,4642,6949
12951,4649,6958
12952,4785,7142
13005,2375,3155
13081,13,14
13092,50,55
13106,127,154
13114,182,214
13135,248,287
13138,259,299
13145,280,321
13146,282,324
13147,284,326
13148,289,331
13160,327,369
13166,351,406
13209,566,691
13212,586,722
13213,589,726
13228,682,900
13247,728,948
13252,744,971
13253,752,987
13272,829,1091
13281,859,1131
13282,860,1132
13283,861,1135
13293,889,1187
13295,892,1190
13298,896,1194
13337,984,1286
13339,988,1290
13343,992,1295
13344,993,1296
13349,1002,1305
13364,1074,1395
13366,1088,1414
13368,48,53
13373,864,1140
13385,1155,1519
13387,1197,1596
13388,1222,1624
13393,1267,1683
13395,1276,1694
13400,1295,1730
13486,2911,3910
13524,4392,6464
13530,4872,7312
13561,683,901
13563,687,905
13569,700,918
13570,717,936
13571,725,945
13572,726,946
13573,727,947
13574,730,950
13620,2307,3061
13622,2337,3097
13628,2484,3315
13632,2684,3599
13633,2685,3604
13634,2686,3606
13643,2975,3991
13648,3186,4300
13658,3571,4899
13663,3687,5092
13671,3897,5480
13673,3927,5529
13674,3982,5621
13678,4287,6271
13680,4366,6402
13683,4466,6604
13684,4488,6650
13687,4558,6783
13692,4735,7067
13693,4821,7209
13695,4860,7297
13698,4915,7381
14076,60,68
14077,73,81
14079,76,85
14080,101,116
14084,501,581
14087,528,617
14091,593,735
14093,610,766
14095,624,791
14099,678,896
14101,791,1034
14107,846,1116
14108,863,1137
14109,865,1144
14115,1050,1366
14116,1085,1411
14119,1091,1417
14194,341,384
14205,403,464
14217,466,533
14303,939,1241
14325,1009,1321
14326,1025,1337
14327,1027,1340
14369,1311,1760
14371,1316,1771
14384,1450,1974
14385,1457,1981
14404,1577,2117
14405,1582,2122
14407,1595,2138
14420,1709,2298
14428,1818,2419
14433,1846,2456
14437,1897,2522
14444,1977,2625
14447,1991,2651
14464,2089,2782
14465,2090,2784
14466,2095,2790
14470,2119,2817
14472,2153,2868
14484,2253,2992
14488,2268,3013
14490,2273,3018
14497,2374,3153
14500,2397,3182
14504,2452,3267
14519,2657,3563
14531,2782,3727
14534,2816,3768
14538,2844,3810
14542,2868,3840
14559,3052,4092
14561,3058,4109
14562,3126,4214
14564,3157,4254
14566,3187,4304
14568,3195,4316
14574,3273,4438
14577,3369,4587
14578,3376,4599
14579,3394,4624
14583,3411,4645
14584,3418,4661
14585,3429,4678
14587,3488,4774
14588,3507,4800
14590,3541,4850
14595,3576,4909
14599,3627,4987
14602,3723,5165
14603,3781,5294
14605,3811,5346
14609,3863,5438
14613,3896,5479
14617,3959,5588
14619,3993,5640
14620,3998,5650
14625,4041,5749
14630,4247,6203
14632,4257,6219
14634,4292,6283
14635,4323,6327
14638,4352,6375
14640,4364,6395
14641,4391,6461
14644,4476,6620
14645,4480,6629
14646,4483,6638
14648,4503,6678
14651,4531,6731
14652,4534,6744
14655,4584,6820
14659,4653,6963
14663,4772,7118
14666,4869,7308
14672,4948,7492
14673,4952,7561
14675,4975,7650
14706,1574,2114
14708,1797,2398
14776,1207,1606
14793,1564,2103
14920,1158,1529
14924,1247,1659
14941,1694,2280
14946,1960,2600
14960,2315,3071
14966,2748,3690
14975,3069,4126
14982,3463,4732
14985,3602,4954
14990,3652,5027
14991,3677,5072
14993,3755,5246
14994,3756,5247
15004,3980,5619
15006,4059,5792
15014,4188,6051
15016,4296,6288
15019,4346,6367
15087,1419,1942
15118,2850,3819
15152,3699,5109
15154,3851,5420
15386,1434,1958
15396,1680,2262
15414,2430,3244
15436,3829,5380
15441,4234,6183
15443,4559,6785
15449,199,233
15458,1741,2337
15496,2395,3179
15767,3553,4873
15803,4904,7367
15992,719,938
16022,1346,1833
16035,1730,2325
16043,1922,2551
16057,2131,2837
16062,2383,3163
16065,2489,3325
16070,2776,3719
16071,2800,3746
16087,3303,4476
16090,3420,4663
16091,3427,4676
16093,3469,4740
16097,3578,4912
16098,3594,4941
16108,3881,5460
16119,4167,6012
16120,4177,6030
16121,4193,6060
16122,4229,6169
16130,4450,6579
16137,4707,7034
16138,4708,7036
16139,4719,7050
16145,4914,7380
16222,181,213
16238,554,665
16254,716,935
16256,843,1111
16258,882,1178
16293,1041,1354
16303,1588,2131
16308,1876,2495
16319,2205,2931
16330,2479,3306
16332,2482,3310
16338,2678,3592
16342,2702,3629
16344,2735,3677
16346,2745,3687
16349,2796,3742
16355,2851,3821
16384,3200,4325
16396,3499,4788
16421,3824,5373
16441,4102,5888
16442,4103,5889
16444,4114,5912
16451,4238,6187
16461,4380,6433
16469,4485,6643
16472,4555,6777
16479,4669,6985
16493,4893,7347
16495,4907,7371
17007,129,156
17023,1268,1684
17030,1949,2585
17036,2834,3795
17038,3004,4024
17041,3095,4159
17048,3566,4889
17051,3620,4976
17054,3634,4994
17056,3642,5011
17057,3655,5034
17058,3663,5051
17059,3712,5135
17061,3787,5303
17062,3791,5309
17063,3795,5316
17067,3837,5391
17069,3873,5450
17070,3887,5466
17074,4098,5881
17079,4187,6049
17128,245,283
17138,304,346
17176,462,528
17249,4759,7096
17315,1358,1856
17333,1839,2447
17380,2964,3979
17394,3137,4228
17397,3153,4247
17410,3413,4649
17420,3572,4900
17425,3650,5025
17430,3820,5363
17435,3909,5501
17436,3923,5524
17438,3945,5564
17445,4124,5942
17449,4163,6003
17459,4398,6482
17475,4831,7225
17477,4856,7285
17486,4927,7439
17974,63,71
17994,614,779
18012,798,1043
18037,1191,1589
18038,1201,1600
18046,1300,1735
18048,1344,1829
18049,1384,1897
18058,1589,2132
18060,1621,2166
18062,1735,2331
18065,1862,2475
18070,2069,2749
18072,2079,2764
18074,2136,2844
18076,2232,2969
18079,2339,3099
18080,2343,3103
18083,2418,3217
18085,2436,3251
18086,2472,3296
18093,2639,3537
18094,2645,3546
18103,2859,3831
18104,2985,4003
18109,3031,4063
18110,3045,4083
18118,3073,4130
18166,424,487
18229,2085,2772
18340,3501,4792
18372,65,73
18479,550,656
19239,437,501
19264,1354,1844
19281,2498,3342
19285,3044,4082
19289,3468,4738
19291,3548,4864
19296,3686,5088
19309,4623,6902
19311,4686,7008
19314,4853,7265
19668,813,1066
19767,3722,5159
19777,4202,6093
19903,4137,5959
19960,347,390
19969,492,567
20021,1007,1318
20033,1171,1554
20080,2049,2729
20090,2312,3067
20124,3101,4168
20155,3775,5284
20162,3916,5508
20173,4143,5969
20174,4144,5970
20177,4156,5992
20181,4276,6251
20182,4299,6291
20192,4552,6774
20365,349,393
20393,677,893
20439,1093,1422
20445,1132,1483
20540,2103,2798
20555,2342,3102
20565,2491,3327
20584,2846,3812
20593,3015,4037
20594,3034,4066
20603,3297,4467
20604,3350,4553
20606,3385,4613
20608,3401,4634
20611,3516,4812
20628,112,132
20646,159,188
20809,1425,1949
20816,1734,2330
20823,2210,2940
20836,2737,3679
20848,3727,5177
20849,3832,5385
20855,4670,6986
20856,4671,6987
20860,4804,7171
20881,1947,2582
20884,2198,2924
21132,331,373
21240,1031,1344
21245,1079,1401
21249,1122,1465
21264,1249,1661
21271,1293,1727
21278,1426,1950
21281,1433,1957
21292,1534,2070
21294,1541,2077
21304,1746,2344
21317,1931,2561
21319,1953,2590
21325,2012,2682
21335,2087,2775
21338,2121,2819
21342,2172,2889
21349,2256,2996
21351,2267,3011
21353,2303,3055
21356,2333,3093
21364,2355,3117
21372,2399,3185
21388,2517,3372
21397,2655,3557
21399,2682,3597
21404,2742,3684
21408,2791,3737
21418,2892,3873
21419,2908,3906
21426,2967,3983
21427,2969,3985
21428,2981,3998
21437,3009,4031
21440,3013,4035
21441,3019,4042
21443,3028,4056
21446,3100,4167
21447,3109,4187
21450,3135,4225
21452,3142,4234
21453,3151,4243
21454,3160,4259
21455,3164,4265
21463,3206,4337
21464,3208,4339
21466,3227,4368
21472,3342,4534
21473,3343,4535
21478,3443,4703
21479,3455,4719
21480,3461,4727
21481,3467,4736
21484,3503,4795
21485,3506,4799
21486,3523,4822
21487,3533,4836
21491,3544,4857
21492,3550,4866
21500,3585,4921
21504,3631,4991
21511,3647,5016
21517,3693,5102
21519,3697,5107
21522,3730,5187
21524,3761,5256
21527,3773,5282
21533,3807,5338
21535,3817,5357
21536,3818,5358
21544,3861,5435
21550,3914,5506
21553,3944,5563
21555,3973,5611
21557,4024,5699
21562,4091,5873
21563,4096,5879
21564,4108,5899
21568,4128,5947
21575,4236,6185
21576,4251,6213
21579,4273,6246
21580,4289,6279
21583,4305,6299
21588,4361,6386
21589,4385,6448
21596,4500,6669
21603,4575,6808
21611,4643,6950
21614,4743,7076
21621,4797,7161
21625,4881,7324
21917,4327,6332
21921,4475,6619
21927,4843,7255
21929,4874,7316
22255,1022,1334
22274,1509,2038
22275,1553,2091
22305,8,9
22308,67,75
22320,537,634
22342,638,813
22345,652,840
22350,671,885
22361,1102,1432
22651,1152,1516
22667,2162,2879
22668,2163,2880
22674,2467,3286
22675,2468,3287
22680,2693,3618
22718,369,425
22741,608,764
22750,663,869
22781,817,1078
22790,872,1162
22825,962,1264
22875,1349,1836
22884,1424,1948
22907,1587,2130
22915,1663,2239
22917,1669,2247
22920,1702,2290
22925,1750,2349
22928,1762,2361
22937,1887,2511
22948,2054,2734
22949,2070,2750
22952,2088,2779
22958,2149,2863
22964,2215,2946
22966,2233,2970
22973,2279,3028
22978,2320,3076
22982,2336,3096
22987,2360,3130
22988,2362,3134
22989,2365,3141
22992,2385,3167
22996,2408,3200
22997,2421,3223
22998,2422,3224
22999,2464,3283
23002,2497,3341
23005,2588,3467
23008,2593,3473
23010,2605,3492
23011,2614,3503
23013,2617,3506
23027,3121,4205
23035,3495,4784
23045,3991,5637
23048,4057,5788
23049,4084,5847
23060,4405,6509
23062,4491,6658
23064,4505,6684
23071,4754,7089
23072,4765,7107
23088,1792,2392
23258,208,242
23308,583,718
23326,754,990
23344,842,1107
23347,873,1163
23414,1225,1627
23421,1286,1713
23436,1445,1969
23444,1455,1979
23460,1518,2051
23472,1586,2126
23475,1617,2162
23479,1655,2210
23480,1672,2252
23484,1721,2314
23492,1765,2364
23493,1768,2367
23517,1906,2531
23537,2065,2745
23538,2068,2748
23540,2082,2769
23542,2094,2789
23546,2120,2818
23554,2240,2977
23556,2247,2986
23579,2506,3357
23590,2665,3572
23594,2691,3616
23597,2715,3649
23611,2880,3858
23612,2885,3864
23615,2893,3877
23627,3027,4055
23637,3285,4450
23640,3466,4735
23655,4275,6250
23656,4318,6319
23657,4320,6322
23660,4420,6538
23696,3994,5643
23760,1339,1821
23762,1350,1837
23790,2540,3404
23798,3275,4440
23836,3846,5415
23844,3900,5485
23847,3925,5527
23849,3928,5530
23862,4157,5993
24192,4397,6480
24296,3254,4406
24303,4886,7333
24419,1491,2017
24424,1547,2084
24477,3081,4142
24478,3113,4193
24484,3232,4373
24491,3551,4867
24496,3592,4936
24497,3599,4951
24511,3744,5222
24524,3891,5472
24533,4123,5941
24541,4164,6005
24546,4277,6252
24548,4322,6324
24550,4334,6339
24560,4443,6568
24570,4714,7045
24571,4729,7060
24572,4746,7080
24582,4964,7614
24692,803,1051
24720,1114,1454
24843,1901,2526
24847,3844,5410
24849,4847,7259
25118,1408,1929
25119,1409,1931
25120,1413,1936
25121,1415,1938
25138,1487,2013
25162,1629,2176
25216,2138,2847
25244,2513,3364
25257,2658,3564
25272,2838,3801
25278,2910,3909
25281,2952,3964
25320,3584,4920
25332,3763,5264
25338,3833,5387
25363,4250,6212
25374,4371,6412
25375,4379,6429
25376,4399,6483
25385,4477,6624
25391,4595,6856
25408,4723,7054
25410,4734,7065
25411,4744,7078
25413,4773,7121
25418,4800,7164
25420,4824,7215
25421,4829,7222
25423,4837,7243
25426,4863,7302
25428,4903,7366
25429,4906,7369
25437,4992,7728
25862,4003,5665
25866,4357,6380
25941,588,725
26006,141,169
26054,394,453
26117,86,97
26130,139,166
26198,516,600
26210,605,760
26331,1103,1437
26332,1111,1447
26344,1165,1546
26353,1199,1598
26357,1211,1611
26367,1239,1649
26376,1277,1695
26394,1343,1827
26411,1418,1941
26425,1496,2022
26426,1499,2025
26446,1634,2181
26457,1706,2295
26482,1861,2474
26496,1932,2563
26506,1963,2607
26514,2018,2691
26517,2023,2696
26530,2080,2765
26557,2234,2971
26558,2239,2976
26567,2260,3003
26580,2322,3078
26590,2372,3150
26591,2378,3158
26618,2487,3323
26633,2594,3474
26639,2628,3521
26648,2683,3598
26672,2801,3747
26676,2810,3761
26690,2883,3862
26694,2894,3879
26696,2897,3888
26697,2901,3895
26703,2915,3915
26705,2922,3925
26707,2939,3947
26711,2946,3955
26723,2976,3992
26724,2977,3993
26742,3010,4032
26746,3024,4052
26749,3076,4133
26750,3084,4146
26752,3088,4152
26754,3093,4157
26756,3096,4160
26759,3105,4178
26771,3169,4275
26775,3188,4305
26777,3190,4307
26780,3194,4313
26784,3216,4350
26791,3242,4389
26793,3255,4407
26794,3274,4439
26797,3287,4452
26802,3397,4628
26804,3406,4640
26806,3408,4642
26808,3410,4644
26811,3440,4699
26813,3459,4723
26819,3484,4770
26823,3515,4811
26824,3519,4815
26827,3526,4826
26829,3540,4849
26834,3558,4879
26837,3565,4888
26840,3570,4898
26842,3577,4911
26843,3583,4919
26847,3606,4959
26851,3622,4978
26863,3659,5046
26864,3669,5062
26866,3685,5083
26867,3690,5095
26871,3710,5131
26872,3720,5155
26882,3784,5298
26886,3799,5323
26887,3801,5325
26888,3812,5347
26892,3828,5379
26896,3852,5421
26897,3854,5423
26898,3856,5425
26899,3857,5427
26904,3901,5486
26905,3906,5498
26909,3921,5522
26915,3971,5609
26916,3974,5612
26917,3977,5615
26923,3996,5646
26925,4004,5666
26926,4006,5668
26929,4014,5680
26930,4016,5684
26932,4048,5772
26934,4067,5809
26938,4072,5818
26955,4160,5999
26957,4162,6002
26960,4184,6041
26963,4194,6062
26964,4197,6067
26968,4240,6192
26970,4253,6215
26971,4255,6217
26972,4280,6264
26974,4293,6285
26975,4300,6294
26979,4325,6330
26981,4329,6334
26982,4330,6335
26983,4335,6341
26994,4429,6551
26997,4444,6571
26998,4445,6572
26999,4457,6588
27002,4487,6645
27003,4504,6679
27004,4508,6688
27016,4610,6881
27017,4619,6890
27020,4630,6932
27024,4657,6969
27025,4659,6971
27026,4663,6978
27029,4710,7038
27037,4852,7264
27039,4861,7299
27041,4896,7352
27042,4897,7354
27046,4933,7449
27047,4978,7698
27096,1184,1582
27103,1847,2457
27105,1909,2534
27119,2666,3573
27122,2781,3726
27273,1269,1685
27275,1313,1767
27285,2104,2799
27305,4066,5804
27348,732,952
27410,1506,2035
27430,1654,2208
27435,1747,2346
27441,1902,2527
27469,2313,3068
27481,2626,3516
27488,2769,3711
27495,2924,3927
27513,3517,4813
27521,3656,5039
27523,3739,5214
27529,3904,5493
27530,3905,5497
27531,3907,5499
27532,3934,5540
27631,1927,2557
27638,2114,2810
27645,2332,3091
27651,2700,3627
27667,3496,4785
27675,3754,5244
27679,3948,5570
27683,4113,5909
27692,4347,6368
27708,4713,7044
27819,1427,1951
27827,1833,2436
27833,2230,2967
27837,2590,3469
27939,64,72
27943,87,99
27948,121,148
27952,128,155
27959,150,178
27967,195,229
27975,231,269
28004,433,496
28007,556,668
28147,1071,1392
28151,1146,1502
28328,1308,1755
28419,1003,1306
28482,1942,2575
28490,2064,2744
28512,2566,3436
28525,2900,3894
28527,2928,3932
28540,3103,4174
28551,3512,4808
28555,3591,4932
28570,3969,5607
28625,571,698
28626,591,731
28640,806,1055
28744,1620,2165
28770,2005,2670
28772,2008,2674
28782,2117,2815
28801,2359,3129
28836,3381,4608
28862,4008,5670
29118,3458,4722
29130,3715,5139
29140,3972,5610
29386,45,49
29421,402,461
29435,496,574
29450,562,679
29489,880,1176
29547,1006,1312
29606,1498,2024
29618,1604,2147
29693,2244,2983
29703,2287,3036
29716,2364,3138
29719,2404,3194
29721,2417,3214
29729,2493,3329
29737,2538,3402
29743,2573,3445
29745,2591,3470
29752,2633,3528
29763,2740,3682
29770,2779,3724
29771,2780,3725
29775,2862,3834
29858,4129,5949
30064,3395,4625
30606,75,83
30749,708,927
30847,2553,3422
30868,2951,3963
30930,237,275
30957,373,429
30963,382,438
30965,386,444
30980,439,504
30984,452,517
30994,491,564
31009,567,692
31025,636,809
31033,664,870
31048,765,1007
31069,824,1085
31073,854,1126
31152,1183,1581
31162,1200,1599
31163,1203,1602
31171,1224,1626
31178,1255,1671
31180,1261,1677
31181,1270,1686
31190,1296,1731
31206,1366,1867
31207,1369,1875
31217,1414,1937
31240,1523,2056
31267,1609,2152
31291,1751,2350
31297,1774,2373
31305,1783,2382
31333,1860,2473
31337,1864,2477
31342,1900,2525
31349,1910,2535
31350,1911,2537
31374,2061,2741
31381,2091,2786
31388,2118,2816
31417,2269,3014
31432,2361,3132
31433,2384,3165
31460,2526,3389
31461,2529,3392
31465,2542,3406
31466,2549,3417
31471,2561,3431
31472,2562,3432
31473,2563,3433
31474,2564,3434
31488,2629,3524
31490,2634,3529
31497,4376,6425
31665,1305,1752
31700,1707,2296
31752,2302,3054
31817,3475,4749
31834,3660,5047
31898,4877,7319
32109,1100,1430
32166,3130,4219
32422,1856,2469
32451,2331,3090
32452,2335,3095
32488,3207,4338
32492,3380,4605
32505,3757,5248
32507,3830,5382
32513,4311,6306
32519,4484,6639
32524,4530,6724
32530,4690,7013
32531,4725,7056
32533,4739,7072
32538,4825,7216
32539,4871,7311
32667,1651,2205
32716,3922,5523
32718,4029,5710
32722,4298,6290
32878,2067,2747
32965,2607,3496
32984,858,1130
33019,1731,2327
33029,1982,2633
33038,2293,3042
33057,56,63
33168,935,1236
33203,1244,1655
33211,1376,1887
33261,1830,2432
33264,1890,2514
33265,1891,2515
33288,2245,2984
33327,2746,3688
33334,2870,3843
33354,3138,4229
33355,3141,4233
33371,3346,4544
33377,3493,4782
33405,3878,5456
33413,3957,5584
33430,4304,6298
33438,4411,6523
33442,4478,6625
33444,4512,6695
33455,4634,6938
33458,4763,7103
33471,4932,7448
34108,3500,4789
34145,3879,5458
34148,3895,5478
34154,3949,5572
34155,3950,5573
34178,4168,6013
34180,4183,6040
34181,4190,6057
34186,4237,6186
34204,4351,6374
34222,4471,6615
34231,4599,6862
34241,4644,6951
34243,4650,6959
34249,4789,7150
34258,4845,7257
34259,4846,7258
34261,4849,7261
34262,4850,7262
34274,4911,7376
34278,4928,7440
34913,38,42
34945,498,577
34961,699,917
34993,1119,1460
34995,1140,1495
35004,1284,1707
35007,1342,1826
35015,1517,2050
35050,1934,2566
35088,2730,3672
35185,1472,1998
35285,3203,4329
35286,3318,4498
35288,3510,4803
35290,3542,4852
35293,3581,4916
35294,3582,4917
35295,3596,4945
35296,3597,4946
35297,3598,4947
35299,3604,4957
35877,479,547
35932,2195,2919
35941,2660,3566
35963,2346,3106
35973,107,123
35988,603,757
36049,3603,4956
36054,3772,5279
36081,4946,7486
36657,3298,4470
36659,3340,4531
36705,4053,5784
36755,4692,7016
37445,4667,6983
37532,3128,4217
37623,3796,5319
37697,1301,1739
37709,2188,2907
37721,2926,3929
37725,3306,4480
37979,110,128
38033,1749,2348
38041,2081,2766
38042,2145,2859
38069,3339,4529
38071,3449,4711
38076,3714,5137
38083,4073,5820
38087,4176,6027
38092,4332,6337
38093,4348,6370
38102,4523,6713
38112,4954,7564
38207,255,294
38278,753,988
38300,1089,1415
38498,4864,7303
38521,345,388
38585,1334,1807
38596,1664,2240
38602,1778,2377
38610,1837,2445
38656,2788,3733
38660,2841,3807
38698,414,476
38826,2115,2812
38968,1323,1791
38975,1440,1964
38987,1631,2178
38988,1635,2182
39005,1954,2593
39009,1980,2630
39020,2128,2829
39349,530,619
39384,672,886
39440,953,1255
39459,1015,1327
39486,1142,1497
39489,1147,1503
39554,1466,1992
39555,1467,1993
39606,1624,2170
39643,1840,2448
39649,1879,2498
39653,1893,2517
39705,2137,2846
39721,2237,2974
39753,2425,3235
39788,2621,3511
39802,2716,3652
39804,2734,3676
39807,2754,3696
39829,2879,3857
39834,2909,3908
39839,2931,3938
39861,3008,4030
39869,3082,4143
39878,3134,4224
39886,3154,4248
39911,3341,4533
39920,3432,4683
39930,3474,4748
39931,3485,4771
39958,3681,5076
39959,3683,5080
39964,3708,5127
39978,3841,5401
39984,3875,5452
39992,3941,5556
39993,3947,5569
40002,4005,5667
40011,4077,5833
40013,4086,5853
40035,4243,6196
40037,4258,6220
40051,4356,6379
40053,4367,6405
40062,4435,6559
40070,4496,6664
40078,4524,6715
40085,4567,6794
40090,4602,6868
40091,4605,6872
40104,4698,7024
40107,4771,7117
40114,4832,7228
40116,4835,7236
40123,4879,7321
40130,4901,7362
40133,4905,7368
40145,4972,7646
40597,258,298
40616,487,556
40655,851,1123
40705,1081,1406
40711,1159,1533
40713,1178,1571
40714,1181,1574
40716,1196,1594
40738,1387,1904
40754,1533,2069
40755,1537,2073
40763,1657,2212
40771,1728,2323
40793,1976,2624
40804,2124,2824
40813,2209,2937
40815,2227,2964
40818,2289,3038
40820,2297,3046
40829,2403,3192
40837,2477,3302
40843,2521,3384
40852,2600,3480
40861,2783,3728
40867,2833,3794
40874,2914,3914
40888,3029,4061
40891,3063,4116
40900,3175,4285
40905,3205,4334
40906,3213,4345
40909,3238,4384
40918,3513,4809
40936,3717,5147
40940,3753,5241
40941,3762,5258
40942,3769,5272
40956,3967,5603
40962,4032,5723
40963,4038,5745
40968,4101,5884
40970,4122,5938
40974,4211,6122
40977,4278,6254
41042,874,1167
41848,3051,4091
41950,4200,6086
42089,4094,5876
42230,739,963
42237,766,1008
42278,856,1128
42364,1068,1389
42400,1248,1660
42442,1459,1983
42443,1460,1984
42445,1469,1995
42467,1513,2043
42474,1522,2055
42475,1524,2057
42490,1557,2095
42493,1560,2098
42507,1580,2120
42525,1618,2163
42530,1665,2241
42534,1677,2259
42535,1698,2286
42549,1748,2347
42553,1766,2365
42570,1799,2400
42597,1850,2460
42598,1851,2462
42666,2141,2852
42669,2151,2866
42676,2184,2902
42677,2185,2903
42701,2270,3015
42734,2381,3161
42757,2483,3313
42759,2495,3331
42761,2500,3345
42769,2515,3368
42792,2630,3525
42816,2747,3689
42830,2815,3767
42833,2819,3771
42838,2840,3806
42842,2861,3833
42844,2873,3846
42854,2923,3926
42856,2925,3928
42857,2927,3930
42860,2947,3957
42863,2958,3971
42864,2961,3974
42870,2983,4000
42874,2990,4009
42875,2991,4010
42885,3020,4043
42888,3059,4110
42900,3259,4412
42901,3278,4443
42902,3291,4459
42904,3300,4473
42906,3314,4492
42907,3324,4506
42908,3334,4522
42913,3447,4709
42930,3601,4953
42932,3612,4966
42958,3858,5428
42961,3883,5462
42967,3936,5543
42968,3937,5544
42971,3992,5638
43040,4968,7619
43187,4214,6125
43189,4388,6453
43201,111,129
43214,299,341
43333,1279,1699
43357,1530,2066
43380,1834,2439
43381,1875,2494
43383,1920,2549
43389,1998,2660
43408,2206,2932
43417,2249,2988
43419,2264,3007
43447,2656,3559
43449,2705,3634
43453,2771,3713
43457,2792,3738
43459,2875,3849
43632,2127,2828
43645,2327,3086
43691,2890,3871
43718,3529,4830
43752,4990,7720
43988,240,278
44030,408,470
44035,435,499
44083,759,998
44140,1106,1440
44223,1606,2149
44294,2056,2736
44324,2294,3043
44359,2546,3412
44370,2643,3544
44375,2726,3667
44384,2768,3710
44628,1105,1439
44632,1156,1526
44643,1302,1746
44816,3464,4733
44818,3479,4757
44820,3536,4845
44843,3709,5128
44922,4432,6554
44933,4578,6811
44971,4941,7460
45817,724,944
46206,4583,6818
46806,354,409
46942,1011,1323
46944,1013,1325
46947,1016,1328
46973,1138,1490
47051,1611,2154
47058,1642,2190
47072,1736,2332
47100,1886,2506
47102,1892,2516
47105,1929,2559
47113,1984,2639
47129,2092,2787
47144,2226,2962
47152,2299,3051
47159,2368,3145
47177,2462,3280
47182,2554,3423
47186,2598,3478
47210,2858,3830
47219,2936,3943
47237,3070,4127
47242,3107,4181
47259,3230,4371
47261,3252,4403
47266,3332,4520
47270,3367,4584
47271,3378,4602
47272,3390,4619
47277,3419,4662
47278,3425,4673
47279,3439,4697
47286,3476,4750
47289,3532,4835
47292,3546,4862
47296,3562,4885
47298,3568,4893
47300,3580,4915
47312,3692,5099
47318,3725,5170
47320,3760,5255
47330,3819,5361
47334,3866,5443
47338,3876,5454
47345,3932,5538
47346,3933,5539
47352,3961,5590
47356,4002,5664
47359,4023,5696
47360,4034,5735
47361,4035,5736
47367,4100,5883
47368,4119,5927
47383,4220,6153
47391,4281,6265
47395,4317,6316
47410,4434,6558
47420,4516,6705
47434,4586,6827
47435,4591,6850
47447,4680,6999
47448,4700,7026
47449,4703,7030
47462,4855,7282
47477,4971,7636
47479,4986,7708
47841,745,973
47870,1422,1946
47889,2388,3171
47893,2891,3872
47899,3268,4432
47903,3839,5398
47906,4387,6452
47908,4517,6706
47915,4827,7218
47967,2494,3330
47972,3308,4483
47978,4370,6410
47987,4812,7184
47989,4866,7305
47991,36,40
48017,4437,6561
48044,563,680
48187,2787,3732
48197,3064,4117
48208,3477,4754
48221,3859,5433
48235,4118,5925
48427,1691,2275
48529,2898,3889
48546,3106,4180
48547,3123,4210
48677,529,618
48683,573,703
48740,2178,2896
49040,611,773
49044,640,823
49103,1092,1419
49200,2663,3569
49208,2790,3736
49212,2872,3845
49230,3159,4256
49239,3384,4612
49243,3446,4708
49247,3525,4825
49262,3734,5202
49265,3750,5238
49269,3892,5475
49278,4079,5838
49288,4244,6197
49290,4269,6241
49291,4324,6329
49313,4738,7071
49315,4776,7124
49324,4836,7238
49334,4940,7459
50044,2165,2882
50186,2896,3884
50189,2905,3899
50191,2913,3912
50204,29,30
50207,72,80
50210,154,183
50348,1824,2425
50361,2139,2848
50363,2177,2894
50419,3048,4086
50423,3163,4263
50425,3181,4294
50430,3299,4471
50432,3320,4500
50433,3335,4523
50437,3451,4714
50438,3453,4717
50441,3588,4927
50449,3654,5033
50453,3680,5075
50469,4149,5980
51497,2551,3420
51529,3747,5226
51636,2661,3567
51638,2671,3580
52157,4603,6869
52475,1641,2188
52479,1771,2370
52488,2009,2676
52507,2238,2975
52696,3114,4195
52697,3260,4419
52701,3842,5404
52702,4028,5707
52734,456,521
52771,1179,1572
52787,1835,2442
52814,3183,4297
52815,3253,4404
52816,3262,4422
52830,4130,5951
52832,4174,6023
52834,4294,6286
52835,4414,6530
52847,4749,7084
52848,4769,7115
52849,4809,7178
52850,4810,7179
53110,4260,6223
53111,4279,6263
54000,3679,5074
54035,4774,7122
54292,1470,1996
54379,3219,4354
54384,3392,4622
54418,4469,6612
54510,1658,2226
54640,1237,1647
55264,1175,1565
55292,2022,2695
55313,2474,3299
55322,2581,3453
55369,3025,4053
55371,3040,4078
55387,3323,4505
55388,3329,4517
55670,1716,2307
55681,1798,2399
55763,2358,3127
55767,2382,3162
55803,2644,3545
55825,2774,3716
55828,2786,3731
55832,2808,3758
55852,2921,3922
56186,293,335
56240,670,882
56326,1038,1351
56327,1039,1352
56357,1202,1601
56727,2714,3648
56739,3270,4434
56743,3595,4942
56746,3703,5113
56747,3777,5288
56748,3888,5468
56750,4027,5706
56752,4148,5979
56753,4172,6021
56756,4489,6654
56757,4490,6656
56759,4589,6836
56760,4622,6899
56762,4764,7104
56763,4865,7304
56901,125,152
57210,1995,2656
57383,3279,4444
57396,3518,4814
57423,3711,5134
57449,3893,5476
57530,4618,6889
57552,4870,7310
58596,761,1003
58662,3364,4580
58663,3400,4632
58882,1918,2546
58928,2004,2669
58937,2142,2856
58954,3170,4276
58959,3199,4323
58962,3220,4355
58987,174,206
59281,321,363
59331,653,841
59392,871,1161
59470,1017,1329
59506,1250,1662
59520,1315,1770
59542,1453,1977
59559,1535,2071
59560,1538,2074
59598,1713,2303
59622,1870,2488
59637,1981,2632
59742,2583,3455
59760,2675,3587
59772,2738,3680
59779,2813,3765
59783,2847,3813
59787,2866,3838
59791,2886,3865
59797,2919,3919
59814,3032,4064
59815,3033,4065
59821,3112,4191
59831,3171,4278
59832,3176,4289
59833,3184,4298
59837,3243,4390
59838,3244,4392
59839,3245,4393
59842,3256,4408
59843,3257,4409
59844,3264,4426
59845,3267,4429
59847,3276,4441
59853,3338,4527
59855,3349,4552
59857,3354,4563
59860,3386,4614
59865,3434,4687
59874,3531,4833
59891,3626,4985
59892,3628,4988
59909,3707,5121
59912,3721,5156
59922,3838,5397
59924,3886,5465
59926,3902,5489
59929,3919,5515
59930,3929,5531
59939,4051,5780
59948,4146,5974
59950,4150,5984
59956,4180,6035
59957,4195,6063
59958,4204,6100
59959,4212,6123
59960,4235,6184
59976,4393,6465
59979,4415,6533
59985,4448,6577
59995,4521,6710
60000,4536,6748
60015,4614,6885
60016,4627,6918
60022,4665,6981
60033,4753,7088
60034,4756,7091
60036,4762,7102
60038,4770,7116
60042,4818,7205
60048,4862,7301
60052,4885,7328
60054,4888,7336
60058,4917,7386
60060,4920,7394
60062,4934,7450
60068,4961,7581
60070,4966,7616
60075,4996,7745
60077,4998,7749
60271,4224,6158
60371,4337,6344
60377,4820,7208
60466,569,695
60507,868,1150
60594,1385,1900
60659,2032,2708
60741,3145,4237
60750,3353,4562
60758,3611,4965
60785,3889,5470
60787,3894,5477
60788,3931,5537
60790,3952,5575
61059,1280,1701
61101,4369,6408
61492,4781,7134
61623,4554,6776
61829,2676,3590
61832,2809,3760
61858,346,389
61862,481,549
61865,557,670
61868,641,824
61976,2853,3823
61977,2878,3855
61993,3039,4077
61995,3104,4175
62000,3166,4268
62348,104,119
62469,343,386
62571,548,650
62677,795,1040
62705,850,1121
62790,1020,1332
62834,1133,1484
62862,1206,1605
62864,1209,1609
62879,1245,1656
62927,1367,1870
62943,1402,1922
62968,1481,2007
63023,1579,2119
63046,1626,2172
63063,1678,2260
63067,1682,2264
63071,1688,2271
63149,1859,2472
63154,1867,2482
63169,1923,2552
63172,1937,2570
63221,2071,2751
63247,2129,2835
63258,2167,2884
63262,2174,2891
63263,2176,2893
63271,2202,2928
63282,2242,2979
63295,2265,3008
63326,2350,3111
63351,2412,3206
63396,2519,3378
63400,2528,3391
63445,2641,3539
63453,2672,3581
63465,2698,3625
63510,2829,3790
63526,2874,3847
63538,2904,3898
63539,2906,3900
63550,2943,3951
63552,2945,3953
63574,2993,4012
63601,3043,4081
63606,3049,4089
63611,3062,4115
63614,3066,4123
63615,3068,4125
63619,3078,4138
63620,3079,4139
63623,3085,4147
63637,3132,4221
63648,3150,4242
63659,3177,4290
63667,3193,4312
63680,3218,4353
63699,3286,4451
63701,3290,4458
63702,3292,4462
63703,3293,4463
63706,3302,4475
63707,3305,4478
63710,3311,4488
63717,3336,4524
63727,3360,4573
63729,3366,4583
63733,3374,4595
63735,3377,4600
63737,3382,4610
63738,3389,4617
63742,3403,4636
63753,3421,4666
63754,3424,4672
63755,3426,4675
63764,3457,4721
63768,3473,4745
63775,3491,4777
63776,3492,4780
63782,3521,4818
63787,3538,4847
63812,3587,4926
63819,3607,4961
63820,3608,4962
63854,3674,5068
63855,3676,5071
63857,3678,5073
63861,3684,5081
63868,3702,5112
63880,3728,5178
63881,3736,5209
63887,3749,5237
63888,3752,5240
63898,3771,5278
63901,3776,5285
63907,3783,5297
63913,3797,5321
63914,3798,5322
63915,3800,5324
63917,3802,5328
63919,3806,5337
63920,3810,5345
63933,3836,5390
63937,3847,5416
63943,3853,5422
63945,3855,5424
63949,3862,5437
63960,3882,5461
63964,3890,5471
63970,3899,5483
63978,3920,5521
63986,3943,5562
64000,3983,5625
64002,3988,5633
64003,3989,5635
64004,3990,5636
64008,4001,5663
64013,4012,5678
64016,4017,5685
64017,4018,5688
64027,4071,5817
64029,4076,5829
64035,4097,5880
64037,4107,5896
64051,4142,5968
64060,4158,5994
64068,4179,6033
64069,4181,6036
64070,4182,6039
64073,4199,6078
64075,4209,6116
64076,4216,6141
64080,4225,6159
64081,4226,6162
64087,4242,6195
64091,4254,6216
64094,4259,6222
64101,4284,6268
64102,4285,6269
64103,4290,6280
64110,4301,6295
64117,4312,6308
64118,4315,6314
64119,4316,6315
64130,4341,6349
64142,4384,6442
64143,4401,6493
64146,4406,6510
64147,4410,6517
64154,4423,6542
64155,4425,6547
64156,4427,6549
64159,4436,6560
64160,4438,6563
64164,4447,6574
64165,4452,6582
64168,4464,6598
64169,4472,6616
64174,4479,6628
64175,4481,6631
64178,4501,6670
64179,4509,6689
64180,4513,6696
64181,4514,6699
64187,4525,6718
64188,4526,6720
64194,4556,6780
64198,4569,6797
64200,4576,6809
64201,4577,6810
64203,4579,6812
64204,4581,6816
64207,4592,6851
64215,4612,6883
64218,4621,6898
64225,4647,6954
64230,4706,7033
64248,4801,7165
64250,4806,7175
64251,4807,7176
64252,4816,7193
64255,4840,7248
64256,4841,7251
64266,4873,7315
64273,4889,7340
64276,4894,7348
64279,4902,7364
64288,4919,7390
65337,1086,1412
65355,2112,2807
65370,3053,4093
65535,4249,6210
65665,2002,2665
65684,2575,3447
65696,2960,3973
65705,3111,4190
65709,3509,4802
65716,3586,4925
65717,3593,4939
65722,3670,5063
66356,4189,6055
66359,4339,6347
66360,4340,6348
66638,4463,6597
66935,3930,5532
66966,4867,7306
67446,493,568
67721,1259,1675
67775,1914,2540
67914,3288,4453
67927,3471,4743
67975,3843,5409
67989,3954,5580
67993,4011,5675
67995,4056,5787
68072,4674,6992
68075,4693,7017
68087,4815,7192
68295,3251,4402
68785,721,941
68926,1351,1839
69012,1769,2368
69049,1895,2520
69050,1896,2521
69052,1898,2523
69075,2020,2693
69111,2170,2887
69146,2305,3057
69179,2461,3276
69180,2465,3284
69188,2527,3390
69217,2681,3596
69266,2929,3933
69291,3023,4051
69305,3092,4156
69311,3116,4198
69313,3125,4212
69347,3249,4397
69359,3337,4526
69371,3399,4630
69376,3417,4660
69389,3478,4756
69390,3489,4775
69410,3600,4952
69415,3625,4981
69433,3758,5250
69439,3805,5334
69442,3816,5356
69462,3903,5490
69481,4025,5700
69482,4042,5752
69483,4050,5779
69489,4115,5915
69510,4308,6302
69523,4375,6424
69524,4377,6427
69526,4395,6476
69528,4407,6514
69545,4543,6760
69547,4570,6798
69550,4580,6814
69571,4761,7101
69580,4838,7245
69586,4908,7372
70593,2662,3568
71019,2132,2839
71041,2427,3240
71042,2428,3241
71073,2807,3756
71075,2826,3787
71167,1028,1341
71279,575,706
71671,1309,1757
71710,2010,2677
71770,2881,3859
71775,2973,3989
71781,3144,4236
71790,3547,4863
71795,3621,4977
71800,3735,5205
71801,3737,5212
71802,3745,5224
71804,3751,5239
71816,4151,5986
71818,4196,6064
71823,4394,6466
71824,4413,6528
71826,4468,6611
71830,4553,6775
71836,4632,6935
71837,4638,6945
71838,4655,6966
71845,4811,7181
71848,4969,7620
72279,2778,3723
72419,1874,2493
72489,392,451
72562,884,1180
72870,2541,3405
72888,2694,3619
72893,2720,3658
72913,2860,3832
73128,85,96
73214,425,488
73255,541,638
73290,689,907
73310,710,929
73333,736,956
73334,737,959
73338,743,970
73341,746,976
73342,749,982
73345,756,993
73368,814,1068
73520,1077,1398
73525,1087,1413
73527,1094,1423
73534,1141,1496
73536,1148,1507
73557,1226,1629
73564,1240,1650
73599,1381,1893
73600,1386,1902
73604,1394,1913
73609,1405,1926
73611,1407,1928
73613,1410,1932
73614,1411,1933
73620,1417,1940
73725,1630,2177
73727,1632,2179
73728,1633,2180
73733,1638,2185
73735,1640,2187
73738,1647,2201
73746,1656,2211
73846,1965,2611
73847,1966,2612
73858,1992,2652
73868,2024,2697
73880,2063,2743
73885,2074,2757
73899,2106,2801
73921,2201,2927
73922,2203,2929
73923,2204,2930
73982,2349,3109
73984,2351,3112
73987,2357,3125
73989,2363,3135
74011,2415,3211
74036,2463,3281
74080,2595,3475
74116,2688,3609
74120,2711,3641
74130,2772,3714
74131,2773,3715
74137,2793,3739
74143,2828,3789
74150,2849,3816
74159,2889,3870
74176,2953,3965
74177,2954,3966
74209,3021,4046
74215,3042,4080
74221,3061,4113
74226,3072,4129
74233,3098,4164
74235,3102,4171
74236,3108,4184
74238,3110,4189
74241,3120,4204
74247,3129,4218
74258,3179,4292
74260,3182,4296
74285,3269,4433
74295,3309,4484
74298,3315,4495
74302,3333,4521
74310,3363,4578
74312,3370,4589
74318,3402,4635
74330,3444,4704
74336,3483,4769
74340,3504,4796
74341,3505,4798
74343,3508,4801
74345,3511,4804
74354,3545,4860
74355,3552,4871
74376,3615,4970
74384,3636,4998
74385,3638,5007
74387,3643,5012
74396,3682,5077
74397,3704,5114
74398,3705,5116
74401,3724,5168
74403,3738,5213
74409,3748,5231
74423,3792,5311
74429,3815,5353
74430,3825,5375
74435,3831,5384
74444,3864,5440
74450,3877,5455
74459,3917,5512
74460,3924,5525
74467,3955,5581
74469,3965,5601
74470,3966,5602
74472,3968,5604
74477,3985,5629
74482,3997,5649
74490,4022,5694
74493,4043,5755
74494,4047,5771
74497,4062,5799
74498,4063,5801
74499,4064,5802
74504,4074,5826
74505,4078,5836
74506,4088,5863
74508,4093,5875
74520,4140,5963
74532,4171,6020
74533,4178,6031
74536,4185,6042
74539,4201,6090
74540,4205,6101
74548,4227,6163
74550,4231,6178
74551,4232,6181
74555,4245,6201
74558,4261,6225
74559,4262,6228
74560,4263,6232
74565,4272,6245
74570,4288,6273
74574,4297,6289
74589,4331,6336
74594,4343,6357
74600,4353,6376
74604,4358,6382
74606,4363,6390
74607,4365,6400
74608,4368,6407
74610,4374,6422
74612,4381,6434
74614,4389,6454
74616,4396,6477
74618,4408,6515
74619,4412,6527
74624,4424,6545
74629,4451,6581
74630,4454,6584
74632,4459,6592
74633,4465,6603
74634,4467,6609
74635,4470,6614
74640,4493,6660
74642,4499,6667
74649,4532,6732
74654,4547,6768
74655,4549,6770
74656,4550,6772
74662,4562,6788
74668,4590,6837
74682,4624,6909
74683,4625,6911
74684,4626,6912
74693,4641,6948
74697,4652,6962
74699,4654,6965
74700,4658,6970
74704,4666,6982
74705,4668,6984
74707,4673,6990
74712,4689,7012
74716,4695,7019
74722,4718,7049
74724,4720,7051
74725,4721,7052
74726,4722,7053
74728,4724,7055
74729,4726,7057
74730,4727,7058
74731,4728,7059
74733,4730,7061
74734,4731,7062
74737,4737,7070
74738,4740,7073
74739,4741,7074
74740,4742,7075
74742,4745,7079
74744,4747,7082
74745,4748,7083
74746,4750,7085
74747,4751,7086
74750,4757,7092
74751,4758,7093
74760,4784,7141
74771,4802,7167
74773,4808,7177
74774,4813,7190
74776,4822,7211
74777,4823,7212
74780,4826,7217
74781,4828,7219
74782,4830,7223
74796,4883,7326
74800,4898,7357
74804,4916,7382
74806,4924,7414
74810,4943,7479
74812,4951,7560
74814,4958,7572
74815,4960,7579
74817,4962,7584
74819,4967,7618
74827,4981,7702
74828,4983,7705
74829,4987,7713
74830,4988,7714
74831,4989,7716
74832,4991,7727
75737,2777,3720
75765,3289,4454
75769,3351,4557
75776,3460,4725
75790,3675,5069
75798,3813,5348
75824,4219,6148
75866,4887,7335
76121,1763,2362
76164,2558,3428
76181,3060,4111
76189,3258,4410
76202,3530,4831
76208,3732,5197
76212,3822,5365
76214,3835,5389
76217,3871,5448
76224,3999,5651
76225,4049,5773
76795,4382,6436
76817,4594,6853
77141,1532,2068
77178,4319,6320
77488,1868,2483
78117,3480,4759
78133,4055,5786
79320,91,103
79328,405,467
79429,666,876
79430,875,1170
79923,390,449
79951,1340,1824
79954,1391,1910
80138,4937,7455
80240,4462,6596
80246,4629,6927
80526,3975,5613
81079,4218,6145
81160,1023,1335
81196,1454,1978
81261,2161,2878
81281,2470,3294
81312,3118,4202
81330,3658,5041
81333,3731,5189
81344,4026,5704
81346,4061,5797
81353,4535,6746
81356,4585,6821
81363,4942,7477
81364,4993,7730
81760,3412,4646
82136,4854,7266
83281,2062,2742
83310,2731,3673
83311,2732,3674
83320,3280,4445
83337,3942,5560
83481,3174,4284
84101,1940,2573
84299,1568,2107
84613,531,626
84673,1462,1986
84674,1464,1990
84697,2699,3626
84703,2932,3939
84704,2933,3940
84705,2934,3941
84706,2935,3942
84708,2948,3958
84739,1129,1477
85146,1341,1825
85168,3667,5059
85170,3918,5513
85179,4938,7457
85284,2122,2820
85378,536,633
85394,623,790
85466,1024,1336
85483,1076,1397
85548,1461,1985
85599,1675,2256
85650,1842,2451
85685,1957,2597
85724,2148,2862
85785,2571,3442
85805,2667,3574
85806,2669,3577
85812,2721,3660
85813,2722,3661
85815,2724,3663
85816,2725,3664
85820,2736,3678
85823,2749,3691
86307,4080,5839
86308,4081,5840
86318,4210,6119
86888,4571,6800
87219,3077,4135
87848,3653,5028
88436,1019,1331
88449,1221,1623
88461,1456,1980
88494,1994,2655
88496,2060,2740
88507,2243,2982
88510,2276,3021
88667,2317,3073
89000,374,430
89010,1912,2538
89033,1975,2623
89034,1979,2629
89182,1814,2415
89212,2367,3143
89222,4538,6751
89225,4921,7395
89303,2228,2965
89601,4045,5767
89605,4075,5828
89623,4336,6342
89630,4453,6583
89633,4511,6692
89655,4895,7349
90382,2058,2738
90403,2539,3403
90406,2547,3414
90414,2577,3449
91022,3448,4710
91521,246,284
91588,1241,1652
91607,1628,2175
91608,1646,2196
91619,1952,2589
91637,2503,3353
91647,3117,4200
91649,3233,4374
91651,3452,4715
91653,3502,4794
91655,3527,4827
91659,3695,5105
91667,4000,5657
91672,4215,6140
91678,4373,6417
91683,4497,6665
91684,4529,6723
91688,4656,6967
91690,4676,6994
91693,4697,7023
91694,4704,7031
91695,4705,7032
91698,4768,7114
91704,4891,7345
91709,4994,7742
91857,2086,2774
91866,2334,3094
91901,3210,4342
91941,4548,6769
91948,4848,7260
91954,4965,7615
92230,526,615
92275,844,1112
92600,3263,4424
92825,416,478
92927,634,806
93007,845,1114
93123,1096,1426
93225,1326,1794
93355,1695,2281
93359,1704,2292
93375,1743,2339
93456,1950,2586
93483,2025,2698
93643,2520,3379
93690,2664,3571
93700,2728,3669
93710,2758,3700
93715,2767,3709
93766,2950,3962
93823,3115,4197
93832,3148,4240
93862,3246,4394
93877,3313,4490
93880,3322,4504
93884,3327,4511
93893,3357,4568
93895,3361,4574
93901,3372,4593
93902,3373,4594
93903,3375,4597
93904,3379,4603
93916,3422,4670
93984,3664,5053
93985,3665,5054
93992,3691,5096
93996,3701,5111
93999,3713,5136
94005,3733,5198
94008,3743,5221
94014,3767,5268
94034,3865,5442
94058,3962,5591
94059,3963,5596
94060,3964,5597
94072,4019,5689
94076,4046,5768
94091,4138,5961
94115,4248,6204
94119,4283,6267
94126,4313,6310
94140,4404,6506
94148,4433,6557
94154,4456,6587
94168,4510,6691
94173,4528,6722
94176,4533,6734
94185,4573,6804
94194,4598,6860
94200,4611,6882
94217,4679,6998
94220,4684,7005
94229,4712,7041
94232,4716,7047
94238,4766,7108
94241,4777,7125
94245,4814,7191
94254,4868,7307
94267,4929,7443
94275,4976,7657
94278,4982,7704
94279,4985,7707
95527,2105,2800
96120,69,77
96127,96,108
96135,122,149
96145,155,184
96174,261,301
96182,279,320
96218,432,495
96221,441,506
96227,460,526
96248,517,602
96255,544,645
96257,547,649
96272,631,803
96322,804,1053
96344,848,1119
96434,1005,1310
96445,1036,1349
96473,1127,1475
96480,1150,1514
96485,1167,1549
96490,1187,1585
96495,1212,1612
96496,1213,1613
96530,1310,1759
96571,1482,2008
96591,1565,2104
96624,1697,2283
96629,1714,2304
96653,1816,2417
96661,1832,2435
96673,1888,2512
96684,1917,2544
96692,1943,2577
96701,1964,2609
96704,1973,2620
96729,2045,2725
96731,2047,2727
96746,2116,2813
96754,2150,2865
96761,2168,2885
96764,2175,2892
96794,2235,2972
96805,2259,3002
96843,2398,3183
96869,2478,3303
96873,2499,3344
96879,2518,3374
96895,2584,3459
96906,2624,3514
96910,2635,3531
96926,2674,3586
96935,2707,3637
96939,2719,3655
96954,2831,3792
96991,3261,4420
96996,3266,4428
96999,3271,4436
97009,3437,4690
97010,3438,4695
97013,3445,4705
97025,3482,4766
97030,3497,4786
97036,3514,4810
97066,102,117
97086,188,220
97099,247,285
97105,270,311
97138,539,636
97198,1243,1654
97399,170,202
97412,227,263
97456,490,563
97457,495,573
97458,499,579
97459,502,583
97471,535,632
97518,738,961
97540,847,1117
97544,870,1156
97631,1139,1493
97672,1359,1857
97718,1613,2156
97733,1653,2207
97762,1788,2388
97785,1866,2481
97786,1883,2503
97827,2179,2897
97843,2266,3010
97876,2469,3289
97877,2471,3295
97915,2710,3640
97928,2842,3808
97939,2920,3920
97984,3222,4357
97992,3247,4395
98011,3387,4615
98016,3414,4653
98017,3423,4671
98020,3436,4689
98031,3528,4828
98032,3534,4840
98036,3561,4883
98062,3768,5269
98070,3823,5372
98081,3911,5503
98084,3939,5550
98086,3976,5614
98097,4031,5720
98098,4033,5733
98099,4036,5741
98100,4037,5742
98104,4085,5849
98105,4087,5856
98109,4117,5922
98110,4120,5929
98117,4147,5975
98119,4154,5990
98125,4198,6070
98127,4207,6107
98128,4208,6111
98131,4233,6182
98134,4246,6202
98136,4266,6237
98152,4372,6415
98155,4386,6449
98157,4409,6516
98159,4431,6553
98161,4446,6573
98162,4449,6578
98165,4486,6644
98167,4502,6671
98171,4557,6782
98175,4563,6789
98179,4572,6803
98196,4651,6961
98198,4660,6973
98211,4709,7037
98224,4767,7109
98227,4779,7131
98240,4857,7292
98243,4890,7344
98252,4947,7487
98493,207,241
98612,2057,2737
99346,4110,5901
99425,4912,7377
99501,114,137
99597,805,1054
99778,2937,3945
99835,3317,4497
99893,3770,5275
99933,4132,5953
99940,4166,6009
99945,4203,6095
100012,4817,7202
100033,4953,7562
